N-mer Name,mb_energy,Num. Rep. (#), N-mer Contribution (kJ/mol),lattice_energy,Calculation Priority (Arb. Units),Avg COM Separation (A),Avg Monomer Separation (A),min_sep,dAPNet2,le_contribution,dAPNet2_le_contribution,mb_energy_norm,dAPNet2_le,le_prev
2mer-0+5,-23.36471933,2,-23.36471933,-23.36471933,0.01787525,4.663,2.024,2.024,0.5300884246826172,-23.36471933,-22.834630905317383,-70.09415799,-22.834630905317383,-23.36471933
2mer-0+3,-52.2212071,1,-26.11060355,-49.47532288,0.01694217,3.315,2.06,2.06,0.1602954268455505,-26.11060355,-26.030455836577225,-156.6636213,-48.86508674189461,-49.47532288
2mer-0+16,-21.12265788,1,-10.56132894,-60.03665182,0.008112176,4.15,2.634,2.634,0.0927852541208267,-10.56132894,-10.514936312939586,-63.367973639999995,-59.3800230548342,-60.03665182
2mer-0+4,-2.55458155,2,-2.55458155,-62.59123338,0.007412925,5.126,2.714,2.714,-0.2298288941383361,-2.55458155,-2.784410444138336,-7.66374465,-62.164433498972535,-62.591233370000005
2mer-0+7,1.30653884,2,1.30653884,-61.28469454,0.005227882,5.557,3.049,3.049,-0.2000068873167038,1.30653884,1.1065319526832962,3.91961652,-61.05790154628924,-61.28469453
2mer-0+14,-8.07535714,1,-4.03767857,-65.32237311,0.004957854,5.366,3.103,3.103,-0.011220627464354,-4.03767857,-4.043288883732177,-24.226071419999997,-65.10119043002142,-65.32237310000001
2mer-0+2,3.22940337,2,3.22940337,-62.09296975,0.004949507,3.604,3.105,3.105,-0.0837908759713172,3.22940337,3.1456124940286827,9.68821011,-61.955577935992736,-62.09296973000001
2mer-0+1,-16.95746491,1,-8.47873246,-70.5717022,0.004229618,3.657,3.272,3.272,-0.0314568951725959,-8.478732455,-8.494460902586297,-50.872394729999996,-70.45003883857903,-70.571702185
2mer-0+19,-6.72157813,2,-6.72157813,-77.29328033,0.003894318,5.268,3.363,3.363,0.1540081799030304,-6.72157813,-6.56756995009697,-20.16473439,-77.017608788676,-77.293280315
2mer-0+10,2.64201586,2,2.64201586,-74.65126447,0.001796747,6.994,4.353,4.353,-0.0209106877446174,2.64201586,2.6211051722553824,7.92604758,-74.39650361642062,-74.651264455
2mer-0+11,-1.29253388,2,-1.29253388,-75.94379835,0.001498362,6.458,4.624,4.624,0.0006849311757832,-1.29253388,-1.2918489488242166,-3.87760164,-75.68835256524483,-75.943798335
2mer-0+37,-3.47295514,1,-1.73647757,-77.68027592,0.001298722,5.624,4.85,4.85,0.0482180304825305,-1.73647757,-1.7123685547587346,-10.41886542,-77.40072112000357,-77.680275905
2mer-0+27,-6.03435652,1,-3.01717826,-80.69745418,0.001279179,5.881,4.875,4.875,0.0851349830627441,-3.01717826,-2.974610768468628,-18.10306956,-80.37533188847219,-80.697454165
2mer-0+13,3.13721756,2,3.13721756,-77.56023662,0.001266109,6.525,4.892,4.892,0.1023446097970008,3.13721756,3.2395621697970007,9.41165268,-77.13576971867519,-77.560236605
2mer-0+30,2.94631765,1,1.47315882,-76.0870778,0.001086788,8.878,5.147,5.147,-0.0165614988654851,1.473158825,1.4648780755672575,8.83895295,-75.67089164310794,-76.08707778
2mer-0+26,1.89839934,2,1.89839934,-74.18867846,0.0009727688,6.868,5.341,5.341,0.0689539536833763,1.89839934,1.9673532936833764,5.69519802,-73.70353834942456,-74.18867844
2mer-0+9,1.6346692,2,1.6346692,-72.55400926,0.0009289848,7.261,5.423,5.423,-0.0149236340075731,1.6346692,1.619745565992427,4.9040076,-72.08379278343213,-72.55400924
2mer-0+17,-2.01360932,2,-2.01360932,-74.56761858,0.0008959972,6.904,5.489,5.489,-0.0303293727338314,-2.01360932,-2.0439386927338314,-6.04082796,-74.12773147616596,-74.56761856
2mer-0+40,1.88949346,1,0.94474673,-73.62287185,0.0008547448,8.743,5.576,5.576,-0.0210055988281965,0.94474673,0.9342439305859017,5.66848038,-73.19348754558006,-73.62287183
2mer-0+21,-0.25585998,2,-0.25585998,-73.87873184,0.0007987712,7.735,5.703,5.703,0.0023309106472879,-0.25585998,-0.2535290693527121,-0.76757994,-73.44701661493276,-73.87873180999999
2mer-0+29,-0.46372195,2,-0.46372195,-74.34245379,0.000774423,7.839,5.762,5.762,-0.0258374847471714,-0.46372195,-0.4895594347471714,-1.39116585,-73.93657604967993,-74.34245375999998
2mer-0+35,1.69490143,2,1.69490143,-72.64755236,0.0007324589,8.432,5.87,5.87,-0.0111770424991846,1.69490143,1.6837243875008154,5.08470429,-72.25285166217911,-72.64755232999998
2mer-0+32,-1.69455421,1,-0.84727711,-73.49482946,0.0006468769,8.145,6.119,6.119,-0.0093454541638493,-0.847277105,-0.8519498320819247,-5.08366263,-73.10480149426104,-73.49482943499999
2mer-0+12,-3.0411175,1,-1.52055875,-75.01538821,0.0006022554,6.46,6.266,6.266,-0.0253500752151012,-1.52055875,-1.5332337876075506,-9.1233525,-74.6380352818686,-75.01538818499999
2mer-0+46,-2.41556429,2,-2.41556429,-77.4309525,0.0005898385,9.041,6.31,6.31,0.0293681696057319,-2.41556429,-2.386196120394268,-7.2466928699999995,-77.02423140226287,-77.430952475
2mer-0+24,1.60911973,2,1.60911973,-75.82183277,0.0005552284,7.208,6.438,6.438,-0.0143362069502472,1.60911973,1.5947835230497527,4.82735919,-75.42944787921311,-75.821832745
2mer-0+22,0.4003856,2,0.4003856,-75.42144717,0.0005521579,8.403,6.45,6.45,-0.009924123995006,0.4003856,0.39046147600499403,1.2011568000000001,-75.03898640320811,-75.42144714499999
2mer-0+58,0.31868363,2,0.31868363,-75.10276355,0.0005401042,7.73,6.498,6.498,0.019931012764573,0.31868363,0.338614642764573,0.95605089,-74.70037176044355,-75.10276351499999
2mer-0+39,-0.1702244,2,-0.1702244,-75.27298795,0.000499402,8.663,6.67,6.67,0.0086815785616636,-0.1702244,-0.1615428214383364,-0.5106732,-74.86191458188188,-75.27298791499999
2mer-0+23,0.4577269,2,0.4577269,-74.81526105,0.0004858378,7.997,6.731,6.731,0.0274202600121498,0.4577269,0.4851471600121498,1.3731807,-74.37676742186973,-74.81526101499999
2mer-0+63,-2.30468153,2,-2.30468153,-77.11994257,0.0004594849,9.733,6.858,6.858,0.0183086637407541,-2.30468153,-2.2863728662592457,-6.91404459,-76.66314028812897,-77.11994254499999
2mer-0+71,0.56330682,1,0.28165341,-76.83828916,0.0004554816,9.092,6.878,6.878,-0.013427710160613,0.28165341,0.2749395549196935,1.68992046,-76.38820073320927,-76.83828913499998
2mer-0+67,0.07493767,2,0.07493767,-76.76335149,0.0004539613,9.027,6.885,6.885,-0.0037354775704443,0.07493767,0.0712021924295557,0.22481300999999998,-76.31699854077972,-76.76335146499999
2mer-0+47,1.40983722,1,0.70491861,-76.05843288,0.0004473889,10.353,6.919,6.919,-0.0088747143745422,0.70491861,0.7004812528127289,4.22951166,-75.61651728796699,-76.05843285499998
2mer-0+80,0.1729678,2,0.1729678,-75.88546508,0.0004372059,8.849,6.972,6.972,0.0005205976776778,0.1729678,0.1734883976776778,0.5189034,-75.44302889028931,-75.88546505499998
2mer-0+68,0.96953103,1,0.48476551,-75.40069957,0.0003963854,9.708,7.204,7.204,-0.0117683410644531,0.484765515,0.4788813444677734,2.90859309,-74.96414754582153,-75.40069953999998
2mer-0+57,-0.04392817,2,-0.04392817,-75.44462774,0.0003720499,8.817,7.358,7.358,0.0105103366076946,-0.04392817,-0.033417833392305404,-0.13178451000000002,-74.99756537921384,-75.44462770999998
2mer-0+38,-0.99406165,1,-0.49703082,-75.94165856,0.0003514422,9.787,7.499,7.499,-0.0032684709876775,-0.497030825,-0.49866506049383874,-2.98218495,-75.49623043970767,-75.94165853499997
2mer-0+52,-0.68551801,2,-0.68551801,-76.62717658,0.0003304829,9.733,7.654,7.654,0.002979582408443,-0.68551801,-0.682538427591557,-2.05655403,-76.17876886729923,-76.62717654499997
2mer-0+45,0.41379022,2,0.41379022,-76.21338636,0.0003272329,9.363,7.679,7.679,-0.0023235569242388,0.41379022,0.4114666630757612,1.2413706599999998,-75.76730220422347,-76.21338632499997
2mer-0+93,-0.62368201,1,-0.31184101,-76.52522736,0.0003241849,8.486,7.703,7.703,0.0021741923410445,-0.311841005,-0.31075390882947773,-1.87104603,-76.07805611305295,-76.52522732999998
2mer-0+55,-1.02358053,1,-0.51179026,-77.03701763,0.0003232554,10.129,7.711,7.711,-0.0028449941892176,-0.511790265,-0.5132127620946089,-3.07074159,-76.59126887514756,-77.03701759499998
2mer-0+77,0.18302945,1,0.09151473,-76.9455029,0.0003130122,10.002,7.794,7.794,-0.0088678915053606,0.091514725,0.0870807792473197,0.54908835,-76.50418809590025,-76.94550286999998
2mer-0+33,0.81294247,2,0.81294247,-76.13256043,0.0002833056,9.083,8.057,8.057,0.0,0.81294247,0.81294247,2.43882741,-75.69124562590025,-76.13256039999999
2mer-0+87,0.24965866,2,0.24965866,-75.88290177,0.000271284,10.519,8.174,8.174,0.0,0.24965866,0.24965866,0.74897598,-75.44158696590026,-75.88290174
2mer-0+62,-0.34012715,2,-0.34012715,-76.22302892,0.0002698142,10.933,8.189,8.189,0.0,-0.34012715,-0.34012715,-1.02038145,-75.78171411590026,-76.22302889
2mer-0+108,-0.25034342,1,-0.12517171,-76.34820063,0.000260284,9.853,8.288,8.288,0.0,-0.12517171,-0.12517171,-0.75103026,-75.90688582590026,-76.3482006
2mer-0+89,-1.16851472,1,-0.58425736,-76.93245799,0.0002570707,9.174,8.322,8.322,0.0,-0.58425736,-0.58425736,-3.5055441599999995,-76.49114318590026,-76.93245796
2mer-0+112,1.56964718,1,0.78482359,-76.1476344,0.0002377193,10.736,8.542,8.542,0.0,0.78482359,0.78482359,4.70894154,-75.70631959590025,-76.14763436999999
2mer-0+56,-0.87826896,2,-0.87826896,-77.02590336,0.0002366621,9.748,8.555,8.555,0.0,-0.87826896,-0.87826896,-2.63480688,-76.58458855590025,-77.02590332999999
2mer-0+79,1.22946433,1,0.61473216,-76.4111712,0.0002365296,10.442,8.557,8.557,0.0,0.614732165,0.614732165,3.6883929900000005,-75.96985639090025,-76.41117116499998
2mer-0+129,0.48416023,2,0.48416023,-75.92701096,0.0002327858,10.055,8.602,8.602,0.0,0.48416023,0.48416023,1.45248069,-75.48569616090025,-75.92701093499998
2mer-0+78,-0.20743565,2,-0.20743565,-76.13444662,0.0002319126,11.546,8.613,8.613,0.0,-0.20743565,-0.20743565,-0.62230695,-75.69313181090024,-76.13444658499998
2mer-0+137,-0.72291795,1,-0.36145897,-76.49590559,0.0002243123,11.013,8.709,8.709,0.0,-0.361458975,-0.361458975,-2.16875385,-76.05459078590025,-76.49590555999998
2mer-0+96,0.74647093,2,0.74647093,-75.74943466,0.0002238413,10.921,8.715,8.715,0.0,0.74647093,0.74647093,2.23941279,-75.30811985590024,-75.74943462999998
2mer-0+41,0.47661233,2,0.47661233,-75.27282233,0.0002207512,10.362,8.756,8.756,0.0,0.47661233,0.47661233,1.4298369899999999,-74.83150752590025,-75.27282229999999
2mer-0+81,-1.10526583,2,-1.10526583,-76.37808816,0.0002129499,11.596,8.862,8.862,0.0,-1.10526583,-1.10526583,-3.31579749,-75.93677335590024,-76.37808812999998
2mer-0+50,-0.68957558,1,-0.34478779,-76.72287595,0.0002110898,10.722,8.887,8.887,0.0,-0.34478779,-0.34478779,-2.06872674,-76.28156114590024,-76.72287591999998
2mer-0+73,0.67728835,1,0.33864418,-76.38423177,0.0002064297,10.555,8.954,8.954,0.0,0.338644175,0.338644175,2.03186505,-75.94291697090024,-76.38423174499998
2mer-0+95,-1.01790101,2,-1.01790101,-77.40213278,0.0002062387,11.563,8.957,8.957,0.0,-1.01790101,-1.01790101,-3.0537030300000003,-76.96081798090025,-77.40213275499998
2mer-0+94,-0.84510079,2,-0.84510079,-78.24723357,0.0002051451,11.431,8.973,8.973,0.0,-0.84510079,-0.84510079,-2.53530237,-77.80591877090025,-78.24723354499999
2mer-0+103,0.50523376,1,0.25261688,-77.99461669,0.0002010507,11.48,9.033,9.033,0.0,0.25261688,0.25261688,1.51570128,-77.55330189090024,-77.99461666499998
2mer-0+99,0.15266289,2,0.15266289,-77.8419538,0.0001992546,10.781,9.06,9.06,0.0,0.15266289,0.15266289,0.45798867,-77.40063900090024,-77.84195377499998
2mer-0+142,1.54368451,1,0.77184226,-77.07011154,0.0001966566,11.387,9.1,9.1,0.0,0.771842255,0.771842255,4.63105353,-76.62879674590025,-77.07011151999998
2mer-0+74,-0.4293944,2,-0.4293944,-77.49950595,0.0001956287,10.863,9.116,9.116,0.0,-0.4293944,-0.4293944,-1.2881832,-77.05819114590025,-77.49950591999999
2mer-0+66,-0.46773188,2,-0.46773188,-77.96723783,0.0001860513,11.477,9.27,9.27,0.0,-0.46773188,-0.46773188,-1.4031956399999999,-77.52592302590025,-77.96723779999999
2mer-0+150,-0.59434635,1,-0.29717317,-78.264411,0.0001830161,11.919,9.32,9.32,0.0,-0.297173175,-0.297173175,-1.7830390500000002,-77.82309620090025,-78.26441097499999
2mer-0+106,-0.7292377,1,-0.36461885,-78.62902985,0.0001775169,11.636,9.416,9.416,0.0,-0.36461885,-0.36461885,-2.1877131,-78.18771505090025,-78.62902982499999
2mer-0+53,-0.86575345,1,-0.43287672,-79.06190657,0.0001774579,9.802,9.417,9.417,0.0,-0.432876725,-0.432876725,-2.59726035,-78.62059177590025,-79.06190654999999
2mer-0+117,0.67799286,1,0.33899643,-78.72291014,0.0001761352,11.262,9.44,9.44,0.0,0.33899643,0.33899643,2.0339785800000003,-78.28159534590026,-78.72291012
2mer-0+168,-0.56923963,1,-0.28461982,-79.00752996,0.00017123,11.247,9.53,9.53,0.0,-0.284619815,-0.284619815,-1.70771889,-78.56621516090026,-79.007529935
2mer-0+90,-0.60282155,1,-0.30141078,-79.30894073,0.0001700665,11.397,9.551,9.551,0.0,-0.301410775,-0.301410775,-1.8084646500000001,-78.86762593590025,-79.30894070999999
2mer-0+125,0.93365594,1,0.46682797,-78.84211276,0.0001672647,11.517,9.604,9.604,0.0,0.46682797,0.46682797,2.80096782,-78.40079796590025,-78.84211273999999
2mer-0+61,-0.24100115,2,-0.24100115,-79.08311391,0.0001660922,10.551,9.627,9.627,0.0,-0.24100115,-0.24100115,-0.72300345,-78.64179911590026,-79.08311388999999
2mer-0+102,0.54979061,1,0.27489531,-78.80821861,0.0001630322,12.698,9.687,9.687,0.0,0.274895305,0.274895305,1.6493718299999998,-78.36690381090025,-78.80821858499999
2mer-0+86,-0.13737133,2,-0.13737133,-78.94558994,0.0001628035,11.431,9.691,9.691,0.0,-0.13737133,-0.13737133,-0.41211399000000004,-78.50427514090025,-78.94558991499999
2mer-0+97,0.48748112,1,0.24374056,-78.70184938,0.0001594505,12.709,9.759,9.759,0.0,0.24374056,0.24374056,1.46244336,-78.26053458090024,-78.70184935499998
2mer-0+145,0.44183374,2,0.44183374,-78.26001564,0.0001572557,10.85,9.804,9.804,0.0,0.44183374,0.44183374,1.32550122,-77.81870084090023,-78.26001561499997
2mer-0+132,0.71946391,2,0.71946391,-77.54055173,0.0001553571,13.171,9.844,9.844,0.0,0.71946391,0.71946391,2.15839173,-77.09923693090023,-77.54055170499997
2mer-0+119,0.33150906,1,0.16575453,-77.3747972,0.0001549792,12.963,9.852,9.852,0.0,0.16575453,0.16575453,0.9945271800000001,-76.93348240090023,-77.37479717499997
2mer-0+76,0.56681895,2,0.56681895,-76.80797825,0.0001498803,10.813,9.962,9.962,0.0,0.56681895,0.56681895,1.7004568500000001,-76.36666345090023,-76.80797822499997
2mer-0+88,-0.35122897,2,-0.35122897,-77.15920721,0.0001459466,11.654,10.051,10.051,0.0,-0.35122897,-0.35122897,-1.05368691,-76.71789242090023,-77.15920719499996
2mer-0+148,0.69230469,2,0.69230469,-76.46690252,0.0001449247,13.344,10.074,10.074,0.0,0.69230469,0.69230469,2.07691407,-76.02558773090023,-76.46690250499996
2mer-0+110,-0.75222466,2,-0.75222466,-77.21912718,0.0001427382,12.816,10.126,10.126,0.0,-0.75222466,-0.75222466,-2.25667398,-76.77781239090022,-77.21912716499996
2mer-0+91,0.11090923,2,0.11090923,-77.10821795,0.0001410775,11.563,10.165,10.165,0.0,0.11090923,0.11090923,0.33272769,-76.66690316090022,-77.10821793499996
2mer-0+140,-0.24179763,2,-0.24179763,-77.35001558,0.0001408463,12.363,10.171,10.171,0.0,-0.24179763,-0.24179763,-0.7253928900000001,-76.90870079090021,-77.35001556499995
2mer-0+114,-0.24431701,2,-0.24431701,-77.5943326,0.0001406687,11.589,10.175,10.175,0.0,-0.24431701,-0.24431701,-0.73295103,-77.15301780090022,-77.59433257499995
2mer-0+83,0.10320183,2,0.10320183,-77.49113077,0.0001379669,11.596,10.241,10.241,0.0,0.10320183,0.10320183,0.30960549,-77.04981597090021,-77.49113074499995
2mer-0+146,-0.17442762,2,-0.17442762,-77.66555839,0.0001333465,13.156,10.358,10.358,0.0,-0.17442762,-0.17442762,-0.52328286,-77.22424359090022,-77.66555836499995
2mer-0+126,-0.19277315,2,-0.19277315,-77.85833154,0.0001303181,12.363,10.438,10.438,0.0,-0.19277315,-0.19277315,-0.57831945,-77.41701674090021,-77.85833151499995
2mer-0+169,-0.24275376,1,-0.12137688,-77.97970842,0.0001275374,12.232,10.513,10.513,0.0,-0.12137688,-0.12137688,-0.72826128,-77.53839362090021,-77.97970839499995
2mer-0+116,-0.29150142,2,-0.29150142,-78.27120984,0.0001270429,12.231,10.527,10.527,0.0,-0.29150142,-0.29150142,-0.87450426,-77.82989504090021,-78.27120981499995
2mer-0+111,0.45658163,1,0.22829082,-78.04291902,0.0001265175,13.432,10.541,10.541,0.0,0.228290815,0.228290815,1.36974489,-77.60160422590022,-78.04291899999996
2mer-0+149,0.23250638,2,0.23250638,-77.81041264,0.0001246583,12.876,10.593,10.593,0.0,0.23250638,0.23250638,0.69751914,-77.36909784590021,-77.81041261999995
2mer-0+92,-0.33596592,2,-0.33596592,-78.14637857,0.0001238242,12.166,10.617,10.617,0.0,-0.33596592,-0.33596592,-1.0078977599999999,-77.70506376590022,-78.14637853999996
2mer-0+107,0.04554342,1,0.02277171,-78.12360685,0.0001231885,11.823,10.635,10.635,0.0,0.02277171,0.02277171,0.13663026,-77.68229205590022,-78.12360682999996
2mer-0+188,-0.4057755,1,-0.20288775,-78.3264946,0.0001185154,11.725,10.773,10.773,0.0,-0.20288775,-0.20288775,-1.2173265,-77.88517980590022,-78.32649457999996
2mer-0+170,-0.79684689,2,-0.79684689,-79.12334149,0.0001179022,13.61,10.792,10.792,0.0,-0.79684689,-0.79684689,-2.39054067,-78.68202669590022,-79.12334146999996
2mer-0+154,0.45681577,2,0.45681577,-78.66652572,0.0001151921,13.959,10.876,10.876,0.0,0.45681577,0.45681577,1.37044731,-78.22521092590021,-78.66652569999995
2mer-0+221,0.87283601,1,0.436418,-78.23010772,0.0001147,13.041,10.891,10.891,0.0,0.436418005,0.436418005,2.61850803,-77.78879292090022,-78.23010769499996
2mer-0+82,0.38387959,2,0.38387959,-77.84622813,0.0001124685,11.758,10.963,10.963,0.0,0.38387959,0.38387959,1.15163877,-77.40491333090021,-77.84622810499995
2mer-0+208,-0.27353449,1,-0.13676725,-77.98299537,0.0001111489,11.764,11.006,11.006,0.0,-0.136767245,-0.136767245,-0.82060347,-77.54168057590022,-77.98299534999995
2mer-0+118,0.30205326,2,0.30205326,-77.68094212,0.0001092483,12.633,11.07,11.07,0.0,0.30205326,0.30205326,0.90615978,-77.23962731590022,-77.68094208999996
2mer-0+201,-0.71233436,2,-0.71233436,-78.39327648,0.0001077345,13.829,11.121,11.121,0.0,-0.71233436,-0.71233436,-2.1370030800000004,-77.95196167590022,-78.39327644999996
2mer-0+204,-0.3832152,1,-0.1916076,-78.58488407,0.0001074852,13.74,11.13,11.13,0.0,-0.1916076,-0.1916076,-1.1496456,-78.14356927590022,-78.58488404999996
2mer-0+222,0.4241203,2,0.4241203,-78.16076377,0.0001055656,12.243,11.197,11.197,0.0,0.4241203,0.4241203,1.2723609,-77.71944897590022,-78.16076374999996
2mer-0+182,0.03868014,1,0.01934007,-78.1414237,0.0001044504,14.172,11.237,11.237,0.0,0.01934007,0.01934007,0.11604042,-77.70010890590022,-78.14142367999996
2mer-0+100,-0.39584877,1,-0.19792438,-78.33934809,0.0001026567,12.654,11.302,11.302,0.0,-0.197924385,-0.197924385,-1.18754631,-77.89803329090022,-78.33934806499995
2mer-0+147,0.35089149,2,0.35089149,-77.98845659,0.0001021362,13.988,11.321,11.321,0.0,0.35089149,0.35089149,1.05267447,-77.54714180090022,-77.98845657499996
2mer-0+234,-0.15974662,1,-0.07987331,-78.0683299,0.0001017349,13.665,11.336,11.336,0.0,-0.07987331,-0.07987331,-0.47923986,-77.62701511090022,-78.06832988499995
2mer-0+133,0.32217917,2,0.32217917,-77.74615073,0.0001006329,13.794,11.377,11.377,0.0,0.32217917,0.32217917,0.96653751,-77.30483594090022,-77.74615071499996
2mer-0+136,0.24528015,2,0.24528015,-77.50087058,0.0001002856,13.992,11.39,11.39,0.0,0.24528015,0.24528015,0.73584045,-77.05955579090022,-77.50087056499996
2mer-0+115,-0.40640452,2,-0.40640452,-77.9072751,9.913041e-05,13.034,11.434,11.434,0.0,-0.40640452,-0.40640452,-1.21921356,-77.46596031090021,-77.90727508499995
2mer-0+165,0.05506254,1,0.02753127,-77.87974383,9.855343e-05,12.821,11.456,11.456,0.0,0.02753127,0.02753127,0.16518762,-77.43842904090022,-77.87974381499996
2mer-0+245,-0.31546409,1,-0.15773205,-78.03747588,9.844811e-05,12.558,11.46,11.46,0.0,-0.157732045,-0.157732045,-0.9463922699999999,-77.59616108590022,-78.03747585999996
2mer-0+196,0.41858236,2,0.41858236,-77.61889352,9.763243e-05,14.445,11.492,11.492,0.0,0.41858236,0.41858236,1.25574708,-77.17757872590022,-77.61889349999996
2mer-0+130,0.27561055,2,0.27561055,-77.34328296,9.457479e-05,14.048,11.615,11.615,0.0,0.27561055,0.27561055,0.82683165,-76.90196817590022,-77.34328294999996
2mer-0+183,-0.56986948,2,-0.56986948,-77.91315244,9.423478e-05,14.325,11.629,11.629,0.0,-0.56986948,-0.56986948,-1.7096084400000002,-77.47183765590022,-77.91315242999995
2mer-0+180,0.17387132,1,0.08693566,-77.82621679,9.264818e-05,13.976,11.695,11.695,0.0,0.08693566,0.08693566,0.52161396,-77.38490199590022,-77.82621676999996
2mer-0+219,0.44391872,1,0.22195936,-77.60425743,9.215914e-05,13.499,11.715,11.715,0.0,0.22195936,0.22195936,1.3317561599999999,-77.16294263590022,-77.60425740999996
2mer-0+104,0.32426463,2,0.32426463,-77.2799928,9.170178e-05,13.042,11.735,11.735,0.0,0.32426463,0.32426463,0.9727938899999999,-76.83867800590022,-77.27999277999996
2mer-0+174,-0.36512987,2,-0.36512987,-77.64512267,9.003944e-05,14.095,11.807,11.807,0.0,-0.36512987,-0.36512987,-1.09538961,-77.20380787590022,-77.64512264999996
2mer-0+246,-0.07795675,1,-0.03897838,-77.68410104,8.992318e-05,14.405,11.812,11.812,0.0,-0.038978375,-0.038978375,-0.23387025,-77.24278625090022,-77.68410102499996
2mer-0+223,-0.41177498,1,-0.20588749,-77.88998853,8.874939e-05,12.638,11.863,11.863,0.0,-0.20588749,-0.20588749,-1.23532494,-77.44867374090022,-77.88998851499996
2mer-0+138,-0.41648593,2,-0.41648593,-78.30647446,8.873503e-05,12.976,11.864,11.864,0.0,-0.41648593,-0.41648593,-1.2494577900000001,-77.86515967090021,-78.30647444499995
2mer-0+120,0.24944699,2,0.24944699,-78.05702747,8.774289e-05,12.816,11.909,11.909,0.0,0.24944699,0.24944699,0.74834097,-77.61571268090022,-78.05702745499995
2mer-0+190,0.35001904,2,0.35001904,-77.70700843,8.62625e-05,13.907,11.976,11.976,0.0,0.35001904,0.35001904,1.05005712,-77.26569364090021,-77.70700841499995
2mer-0+266,-0.24219317,1,-0.12109658,-77.82810501,8.624235e-05,13.855,11.977,11.977,0.0,-0.121096585,-0.121096585,-0.7265795100000001,-77.38679022590021,-77.82810499999995
2mer-0+211,-0.416624,1,-0.208312,-78.03641701,8.5898e-05,13.934,11.993,11.993,0.0,-0.208312,-0.208312,-1.2498719999999999,-77.59510222590022,-78.03641699999996
2mer-0+185,-0.21038396,2,-0.21038396,-78.24680098,8.583639e-05,13.761,11.996,11.996,0.0,-0.21038396,-0.21038396,-0.63115188,-77.80548618590022,-78.24680095999996
2mer-0+217,0.17599295,2,0.17599295,-78.07080803,8.444284e-05,13.542,12.062,12.062,0.0,0.17599295,0.17599295,0.52797885,-77.62949323590023,-78.07080800999996
2mer-0+160,0.25785252,1,0.12892626,-77.94188177,8.124369e-05,15.019,12.218,12.218,0.0,0.12892626,0.12892626,0.77355756,-77.50056697590023,-77.94188174999996
2mer-0+218,-0.10786918,2,-0.10786918,-78.04975095,8.070509e-05,14.178,12.245,12.245,0.0,-0.10786918,-0.10786918,-0.32360753999999997,-77.60843615590022,-78.04975092999996
2mer-0+200,0.0628283,2,0.0628283,-77.98692265,8.051424e-05,14.178,12.255,12.255,0.0,0.0628283,0.0628283,0.1884849,-77.54560785590022,-77.98692262999995
2mer-0+131,-0.27042583,2,-0.27042583,-78.25734848,8.034037e-05,13.645,12.264,12.264,0.0,-0.27042583,-0.27042583,-0.8112774899999999,-77.81603368590021,-78.25734845999995
2mer-0+189,0.18020875,2,0.18020875,-78.07713973,8.022784e-05,14.838,12.269,12.269,0.0,0.18020875,0.18020875,0.54062625,-77.6358249359002,-78.07713970999994
2mer-0+176,-0.37215663,2,-0.37215663,-78.44929636,7.867875e-05,14.832,12.349,12.349,0.0,-0.37215663,-0.37215663,-1.1164698899999999,-78.00798156590021,-78.44929633999995
2mer-0+195,-0.45978971,2,-0.45978971,-78.90908606,7.845282e-05,14.944,12.361,12.361,0.0,-0.45978971,-0.45978971,-1.3793691300000002,-78.4677712759002,-78.90908604999994
2mer-0+206,0.3004627,2,0.3004627,-78.60862337,7.840343e-05,15.068,12.364,12.364,0.0,0.3004627,0.3004627,0.9013881000000001,-78.16730857590021,-78.60862334999995
2mer-0+158,0.24139736,2,0.24139736,-78.36722601,7.555429e-05,14.521,12.517,12.517,0.0,0.24139736,0.24139736,0.72419208,-77.92591121590021,-78.36722598999995
2mer-0+273,-0.423402,2,-0.423402,-78.79062801,7.541585e-05,14.941,12.525,12.525,0.0,-0.423402,-0.423402,-1.270206,-78.34931321590021,-78.79062798999995
2mer-0+187,-0.25217798,2,-0.25217798,-79.04280599,7.393404e-05,14.161,12.608,12.608,0.0,-0.25217798,-0.25217798,-0.7565339400000001,-78.60149119590021,-79.04280596999995
2mer-0+141,-0.34752288,1,-0.17376144,-79.21656743,7.278534e-05,13.282,12.674,12.674,0.0,-0.17376144,-0.17376144,-1.0425686399999998,-78.77525263590022,-79.21656740999995
2mer-0+143,-0.23004562,2,-0.23004562,-79.44661305,7.219515e-05,13.589,12.709,12.709,0.0,-0.23004562,-0.23004562,-0.69013686,-79.00529825590021,-79.44661302999995
2mer-0+193,-0.37542524,2,-0.37542524,-79.82203829,7.161927e-05,15.3,12.743,12.743,0.0,-0.37542524,-0.37542524,-1.12627572,-79.38072349590021,-79.82203826999995
2mer-0+232,0.57922401,2,0.57922401,-79.24281429,6.994562e-05,14.912,12.843,12.843,0.0,0.57922401,0.57922401,1.7376720300000001,-78.80149948590021,-79.24281425999995
2mer-0+227,0.19512566,2,0.19512566,-79.04768863,6.950663e-05,15.564,12.87,12.87,0.0,0.19512566,0.19512566,0.58537698,-78.6063738259002,-79.04768859999994
2mer-0+163,0.24909681,2,0.24909681,-78.79859182,6.925162e-05,14.997,12.886,12.886,0.0,0.24909681,0.24909681,0.7472904300000001,-78.35727701590021,-78.79859178999995
2mer-0+326,0.17158852,2,0.17158852,-78.62700331,6.9069e-05,15.056,12.898,12.898,0.0,0.17158852,0.17158852,0.51476556,-78.18568849590021,-78.62700326999995
2mer-0+260,-0.14265825,2,-0.14265825,-78.76966156,6.905473e-05,15.454,12.898,12.898,0.0,-0.14265825,-0.14265825,-0.42797474999999996,-78.3283467459002,-78.76966151999994
2mer-0+199,0.16225851,1,0.08112925,-78.68853231,6.770465e-05,15.552,12.984,12.984,0.0,0.081129255,0.081129255,0.48677552999999996,-78.24721749090021,-78.68853226499995
2mer-0+321,0.14730626,2,0.14730626,-78.54122605,6.746573e-05,15.462,12.999,12.999,0.0,0.14730626,0.14730626,0.44191877999999996,-78.09991123090022,-78.54122600499996
2mer-0+178,-0.15252222,1,-0.07626111,-78.61748716,6.741173e-05,13.922,13.002,13.002,0.0,-0.07626111,-0.07626111,-0.45756665999999996,-78.17617234090022,-78.61748711499996
2mer-0+244,-0.38338158,2,-0.38338158,-79.00086874,6.73223e-05,15.444,13.008,13.008,0.0,-0.38338158,-0.38338158,-1.15014474,-78.55955392090023,-79.00086869499997
2mer-0+255,0.54214848,2,0.54214848,-78.45872026,6.712092e-05,15.065,13.021,13.021,0.0,0.54214848,0.54214848,1.6264454400000001,-78.01740544090023,-78.45872021499997
2mer-0+302,0.18751748,1,0.09375874,-78.36496152,6.652209e-05,14.81,13.06,13.06,0.0,0.09375874,0.09375874,0.5625524399999999,-77.92364670090024,-78.36496147499997
2mer-0+212,-0.27276985,1,-0.13638492,-78.50134644,6.627133e-05,14.812,13.077,13.077,0.0,-0.136384925,-0.136384925,-0.8183095499999999,-78.06003162590024,-78.50134639999997
2mer-0+329,0.29452205,1,0.14726103,-78.35408542,6.614845e-05,14.985,13.085,13.085,0.0,0.147261025,0.147261025,0.8835661499999999,-77.91277060090023,-78.35408537499997
2mer-0+202,-0.09327294,1,-0.04663647,-78.40072188,6.60953e-05,14.165,13.088,13.088,0.0,-0.04663647,-0.04663647,-0.27981882,-77.95940707090023,-78.40072184499996
2mer-0+179,-0.1559875,1,-0.07799375,-78.47871563,6.567885e-05,13.933,13.116,13.116,0.0,-0.07799375,-0.07799375,-0.4679625,-78.03740082090023,-78.47871559499997
2mer-0+184,0.21520681,2,0.21520681,-78.26350882,6.51158e-05,14.095,13.153,13.153,0.0,0.21520681,0.21520681,0.64562043,-77.82219401090023,-78.26350878499997
2mer-0+322,-0.32809938,2,-0.32809938,-78.5916082,6.347254e-05,15.55,13.266,13.266,0.0,-0.32809938,-0.32809938,-0.9842981399999999,-78.15029339090023,-78.59160816499997
2mer-0+294,0.26254826,2,0.26254826,-78.32905994,6.347023e-05,14.201,13.266,13.266,0.0,0.26254826,0.26254826,0.7876447799999999,-77.88774513090023,-78.32905990499997
2mer-0+299,-0.04368836,1,-0.02184418,-78.35090412,6.318754e-05,15.945,13.286,13.286,0.0,-0.02184418,-0.02184418,-0.13106508,-77.90958931090023,-78.35090408499997
2mer-0+310,-0.32701924,2,-0.32701924,-78.67792335,6.241882e-05,15.652,13.34,13.34,0.0,-0.32701924,-0.32701924,-0.9810577199999999,-78.23660855090023,-78.67792332499997
2mer-0+230,-0.18067089,2,-0.18067089,-78.85859424,6.192352e-05,14.726,13.376,13.376,0.0,-0.18067089,-0.18067089,-0.54201267,-78.41727944090023,-78.85859421499997
2mer-0+240,-0.28599554,2,-0.28599554,-79.14458978,6.137645e-05,15.848,13.415,13.415,0.0,-0.28599554,-0.28599554,-0.8579866199999999,-78.70327498090023,-79.14458975499997
2mer-0+353,0.39363772,1,0.19681886,-78.94777092,6.114952e-05,15.376,13.432,13.432,0.0,0.19681886,0.19681886,1.18091316,-78.50645612090024,-78.94777089499998
2mer-0+290,-0.09212089,1,-0.04606044,-78.99383137,6.06308e-05,16.113,13.47,13.47,0.0,-0.046060445,-0.046060445,-0.27636267,-78.55251656590023,-78.99383133999997
2mer-0+316,-0.22777667,1,-0.11388833,-79.1077197,6.010816e-05,15.006,13.509,13.509,0.0,-0.113888335,-0.113888335,-0.6833300099999999,-78.66640490090023,-79.10771967499997
2mer-0+203,0.25048626,2,0.25048626,-78.85723344,5.985059e-05,14.417,13.528,13.528,0.0,0.25048626,0.25048626,0.7514587800000001,-78.41591864090023,-78.85723341499997
2mer-0+259,0.16248779,2,0.16248779,-78.69474565,5.957006e-05,15.713,13.55,13.55,0.0,0.16248779,0.16248779,0.48746336999999995,-78.25343085090023,-78.69474562499997
2mer-0+354,-0.25105888,1,-0.12552944,-78.82027509,5.917881e-05,14.938,13.579,13.579,0.0,-0.12552944,-0.12552944,-0.75317664,-78.37896029090022,-78.82027506499996
2mer-0+249,0.42898664,2,0.42898664,-78.39128845,5.825736e-05,15.612,13.651,13.651,0.0,0.42898664,0.42898664,1.28695992,-77.94997365090022,-78.39128842499996
2mer-0+267,0.2008365,2,0.2008365,-78.19045195,5.810917e-05,16.331,13.662,13.662,0.0,0.2008365,0.2008365,0.6025095,-77.74913715090022,-78.19045192499996
2mer-0+304,-0.23105571,1,-0.11552785,-78.30597981,5.801751e-05,16.172,13.669,13.669,0.0,-0.115527855,-0.115527855,-0.69316713,-77.86466500590022,-78.30597977999996
2mer-0+280,0.18030226,2,0.18030226,-78.12567754,5.724163e-05,16.285,13.731,13.731,0.0,0.18030226,0.18030226,0.54090678,-77.68436274590022,-78.12567751999995
2mer-0+330,-0.29925931,1,-0.14962965,-78.2753072,5.684563e-05,14.277,13.763,13.763,0.0,-0.149629655,-0.149629655,-0.89777793,-77.83399240090021,-78.27530717499995
2mer-0+384,0.18710348,2,0.18710348,-78.08820371,5.671474e-05,15.502,13.773,13.773,0.0,0.18710348,0.18710348,0.56131044,-77.64688892090021,-78.08820369499995
2mer-0+379,-0.1648268,1,-0.0824134,-78.17061711,5.609234e-05,14.659,13.824,13.824,0.0,-0.0824134,-0.0824134,-0.4944804,-77.7293023209002,-78.17061709499994
2mer-0+328,0.35492426,1,0.17746213,-77.99315498,5.572411e-05,17.543,13.854,13.854,0.0,0.17746213,0.17746213,1.06477278,-77.55184019090021,-77.99315496499995
2mer-0+198,-0.18895759,1,-0.09447879,-78.08763378,5.541365e-05,14.595,13.88,13.88,0.0,-0.094478795,-0.094478795,-0.56687277,-77.64631898590021,-78.08763375999995
2mer-0+332,0.03700938,1,0.01850469,-78.06912909,5.526733e-05,15.495,13.892,13.892,0.0,0.01850469,0.01850469,0.11102814,-77.62781429590021,-78.06912906999995
2mer-0+214,-0.28002811,2,-0.28002811,-78.3491572,5.389076e-05,15.298,14.01,14.01,0.0,-0.28002811,-0.28002811,-0.84008433,-77.90784240590021,-78.34915717999995
2mer-0+345,0.29440502,1,0.14720251,-78.20195469,5.37792e-05,17.475,14.019,14.019,0.0,0.14720251,0.14720251,0.88321506,-77.76063989590021,-78.20195466999995
2mer-0+257,-0.11488033,1,-0.05744016,-78.25939486,5.363235e-05,15.097,14.032,14.032,0.0,-0.057440165,-0.057440165,-0.34464099000000004,-77.81808006090021,-78.25939483499995
2mer-0+285,0.12516286,2,0.12516286,-78.13423199,5.345818e-05,16.448,14.047,14.047,0.0,0.12516286,0.12516286,0.37548857999999996,-77.69291720090021,-78.13423197499995
2mer-0+250,-0.19942082,1,-0.09971041,-78.2339424,5.342428e-05,16.615,14.05,14.05,0.0,-0.09971041,-0.09971041,-0.5982624599999999,-77.79262761090021,-78.23394238499995
2mer-0+374,0.1224604,2,0.1224604,-78.111482,5.335788e-05,16.656,14.056,14.056,0.0,0.1224604,0.1224604,0.36738119999999996,-77.67016721090022,-78.11148198499995
2mer-0+413,0.27860821,1,0.13930411,-77.97217789,5.325576e-05,15.992,14.065,14.065,0.0,0.139304105,0.139304105,0.8358246300000001,-77.53086310590022,-77.97217787999996
2mer-0+191,0.19630502,2,0.19630502,-77.77587287,5.324744e-05,14.832,14.066,14.066,0.0,0.19630502,0.19630502,0.5889150599999999,-77.33455808590023,-77.77587285999996
2mer-0+237,-0.21462504,2,-0.21462504,-77.99049791,5.3217e-05,16.458,14.069,14.069,0.0,-0.21462504,-0.21462504,-0.6438751199999999,-77.54918312590023,-77.99049789999997
2mer-0+270,-0.12957538,2,-0.12957538,-78.12007329,5.283973e-05,16.493,14.102,14.102,0.0,-0.12957538,-0.12957538,-0.38872613999999994,-77.67875850590023,-78.12007327999997
2mer-0+297,0.18793297,2,0.18793297,-77.93214032,5.27625e-05,16.748,14.109,14.109,0.0,0.18793297,0.18793297,0.56379891,-77.49082553590023,-77.93214030999997
2mer-0+268,-0.05099764,1,-0.02549882,-77.95763914,5.258152e-05,15.279,14.125,14.125,0.0,-0.02549882,-0.02549882,-0.15299291999999998,-77.51632435590022,-77.95763912999996
2mer-0+387,-0.22538503,2,-0.22538503,-78.18302417,5.239454e-05,16.266,14.142,14.142,0.0,-0.22538503,-0.22538503,-0.67615509,-77.74170938590022,-78.18302415999996
2mer-0+307,0.35839474,2,0.35839474,-77.82462944,5.234163e-05,16.048,14.147,14.147,0.0,0.35839474,0.35839474,1.07518422,-77.38331464590023,-77.82462941999997
2mer-0+277,0.14344964,2,0.14344964,-77.6811798,5.230116e-05,16.701,14.15,14.15,0.0,0.14344964,0.14344964,0.43034891999999997,-77.23986500590023,-77.68117977999997
2mer-0+373,0.27555586,2,0.27555586,-77.40562394,5.194346e-05,14.988,14.183,14.183,0.0,0.27555586,0.27555586,0.82666758,-76.96430914590023,-77.40562391999997
2mer-0+289,-0.06072101,2,-0.06072101,-77.46634495,5.146837e-05,16.656,14.226,14.226,0.0,-0.06072101,-0.06072101,-0.18216303,-77.02503015590023,-77.46634492999996
2mer-0+194,-0.22098679,1,-0.1104934,-77.57683834,5.144534e-05,15.207,14.228,14.228,0.0,-0.110493395,-0.110493395,-0.66296037,-77.13552355090023,-77.57683832499997
2mer-0+301,-0.14571363,2,-0.14571363,-77.72255198,5.123748e-05,15.973,14.247,14.247,0.0,-0.14571363,-0.14571363,-0.43714089,-77.28123718090023,-77.72255195499997
2mer-0+317,0.21752172,2,0.21752172,-77.50503025,5.102496e-05,16.864,14.267,14.267,0.0,0.21752172,0.21752172,0.65256516,-77.06371546090024,-77.50503023499998
2mer-0+197,0.23648373,2,0.23648373,-77.26854652,5.09965e-05,14.832,14.27,14.27,0.0,0.23648373,0.23648373,0.70945119,-76.82723173090024,-77.26854650499997
2mer-0+341,-0.22690892,2,-0.22690892,-77.49545544,5.014942e-05,16.557,14.35,14.35,0.0,-0.22690892,-0.22690892,-0.68072676,-77.05414065090024,-77.49545542499997
2mer-0+371,0.17763844,1,0.08881922,-77.40663622,4.931388e-05,16.055,14.43,14.43,0.0,0.08881922,0.08881922,0.5329153200000001,-76.96532143090023,-77.40663620499997
2mer-0+395,-0.1477125,1,-0.07385625,-77.48049247,4.907578e-05,15.19,14.454,14.454,0.0,-0.07385625,-0.07385625,-0.44313749999999996,-77.03917768090024,-77.48049245499998
2mer-0+286,-0.1993693,1,-0.09968465,-77.58017712,4.875364e-05,17.089,14.485,14.485,0.0,-0.09968465,-0.09968465,-0.5981079,-77.13886233090024,-77.58017710499998
2mer-0+229,0.16326907,2,0.16326907,-77.41690805,4.872177e-05,16.045,14.489,14.489,0.0,0.16326907,0.16326907,0.48980720999999994,-76.97559326090024,-77.41690803499998
2mer-0+251,-0.17471532,1,-0.08735766,-77.50426571,4.835543e-05,16.912,14.525,14.525,0.0,-0.08735766,-0.08735766,-0.52414596,-77.06295092090024,-77.50426569499997
2mer-0+340,-0.22909528,2,-0.22909528,-77.73336099,4.814229e-05,16.725,14.547,14.547,0.0,-0.22909528,-0.22909528,-0.68728584,-77.29204620090023,-77.73336097499997
2mer-0+254,0.1810456,2,0.1810456,-77.55231539,4.79793e-05,16.047,14.563,14.563,0.0,0.1810456,0.1810456,0.5431368,-77.11100060090023,-77.55231537499996
2mer-0+411,0.20450324,1,0.10225162,-77.45006378,4.775112e-05,17.652,14.586,14.586,0.0,0.10225162,0.10225162,0.61350972,-77.00874898090022,-77.45006375499996
2mer-0+359,0.32369233,1,0.16184617,-77.28821761,4.756029e-05,18.334,14.606,14.606,0.0,0.161846165,0.161846165,0.9710769899999999,-76.84690281590022,-77.28821758999996
2mer-0+253,0.12180329,1,0.06090165,-77.22731596,4.75242e-05,17.225,14.609,14.609,0.0,0.060901645,0.060901645,0.36540986999999997,-76.78600117090022,-77.22731594499996
2mer-0+220,-0.19797049,2,-0.19797049,-77.42528646,4.731509e-05,15.822,14.631,14.631,0.0,-0.19797049,-0.19797049,-0.59391147,-76.98397166090022,-77.42528643499996
2mer-0+406,-0.18658329,2,-0.18658329,-77.61186975,4.666115e-05,16.769,14.699,14.699,0.0,-0.18658329,-0.18658329,-0.5597498700000001,-77.17055495090023,-77.61186972499996
2mer-0+343,-0.03712714,2,-0.03712714,-77.64899689,4.637939e-05,16.588,14.729,14.729,0.0,-0.03712714,-0.03712714,-0.11138142000000001,-77.20768209090022,-77.64899686499996
2mer-0+409,0.23942057,1,0.11971029,-77.5292866,4.62459e-05,17.977,14.743,14.743,0.0,0.119710285,0.119710285,0.7182617099999999,-77.08797180590022,-77.52928657999996
2mer-0+275,0.1348804,2,0.1348804,-77.39440621,4.622108e-05,16.656,14.745,14.745,0.0,0.1348804,0.1348804,0.40464120000000003,-76.95309140590022,-77.39440617999996
2mer-0+311,0.12391953,2,0.12391953,-77.27048667,4.614639e-05,16.588,14.753,14.753,0.0,0.12391953,0.12391953,0.37175859,-76.82917187590023,-77.27048664999997
2mer-0+309,0.04727426,1,0.02363713,-77.24684954,4.606457e-05,16.877,14.762,14.762,0.0,0.02363713,0.02363713,0.14182277999999998,-76.80553474590023,-77.24684951999997
2mer-0+256,0.16393378,2,0.16393378,-77.08291577,4.581807e-05,16.493,14.788,14.788,0.0,0.16393378,0.16393378,0.49180134,-76.64160096590024,-77.08291573999998
2mer-0+282,-0.14529986,2,-0.14529986,-77.22821563,4.573566e-05,17.106,14.797,14.797,0.0,-0.14529986,-0.14529986,-0.43589958,-76.78690082590023,-77.22821559999997
2mer-0+303,-0.12590893,2,-0.12590893,-77.35412455,4.5227e-05,17.624,14.853,14.853,0.0,-0.12590893,-0.12590893,-0.37772679,-76.91280975590023,-77.35412452999996
2mer-0+239,0.19442178,2,0.19442178,-77.15970277,4.494103e-05,16.687,14.884,14.884,0.0,0.19442178,0.19442178,0.58326534,-76.71838797590023,-77.15970274999997
2mer-0+225,0.20055798,2,0.20055798,-76.95914479,4.483119e-05,16.088,14.896,14.896,0.0,0.20055798,0.20055798,0.60167394,-76.51782999590023,-76.95914476999997
2mer-0+315,-0.12748674,2,-0.12748674,-77.08663153,4.403884e-05,17.017,14.985,14.985,0.0,-0.12748674,-0.12748674,-0.38246021999999996,-76.64531673590022,-77.08663150999996
2mer-0+382,-0.22990497,1,-0.11495249,-77.20158402,4.390521e-05,16.701,15.0,15.0,0.0,-0.114952485,-0.114952485,-0.68971491,-76.76026922090023,-77.20158399499996
2mer-0+366,0.0148156,2,0.0148156,-77.18676842,4.330155e-05,17.573,15.07,15.07,0.0,0.0148156,0.0148156,0.0444468,-76.74545362090022,-77.18676839499996
2mer-0+429,0.17699189,1,0.08849595,-77.09827248,4.329195e-05,18.138,15.071,15.071,0.0,0.088495945,0.088495945,0.53097567,-76.65695767590022,-77.09827244999995
2mer-0+295,-0.16469834,2,-0.16469834,-77.26297082,4.290958e-05,17.371,15.115,15.115,0.0,-0.16469834,-0.16469834,-0.49409502,-76.82165601590022,-77.26297078999995
2mer-0+298,-0.1436273,2,-0.1436273,-77.40659812,4.240895e-05,17.709,15.175,15.175,0.0,-0.1436273,-0.1436273,-0.43088190000000004,-76.96528331590022,-77.40659808999996
2mer-0+312,0.23443851,2,0.23443851,-77.17215961,4.147694e-05,17.062,15.287,15.287,0.0,0.23443851,0.23443851,0.70331553,-76.73084480590022,-77.17215957999996
2mer-0+397,-0.28603625,2,-0.28603625,-77.45819586,4.141742e-05,18.083,15.295,15.295,0.0,-0.28603625,-0.28603625,-0.85810875,-77.01688105590021,-77.45819582999995
2mer-0+494,0.17840037,2,0.17840037,-77.27979549,4.136423e-05,16.73,15.301,15.301,0.0,0.17840037,0.17840037,0.53520111,-76.83848068590021,-77.27979545999995
2mer-0+459,0.12109296,1,0.06054648,-77.21924901,4.135991e-05,18.056,15.302,15.302,0.0,0.06054648,0.06054648,0.36327887999999997,-76.77793420590021,-77.21924897999995
2mer-0+396,0.12326767,2,0.12326767,-77.09598133,4.135677e-05,17.896,15.302,15.302,0.0,0.12326767,0.12326767,0.36980301,-76.6546665359002,-77.09598130999994
2mer-0+284,-0.2195839,2,-0.2195839,-77.31556524,4.131688e-05,16.362,15.307,15.307,0.0,-0.2195839,-0.2195839,-0.6587517,-76.87425043590021,-77.31556520999995
2mer-0+408,0.12996552,2,0.12996552,-77.18559971,4.125146e-05,16.629,15.315,15.315,0.0,0.12996552,0.12996552,0.38989656,-76.74428491590021,-77.18559968999995
2mer-0+401,-0.05414411,1,-0.02707206,-77.21267177,4.120838e-05,16.936,15.32,15.32,0.0,-0.027072055,-0.027072055,-0.16243233,-76.77135697090021,-77.21267174499995
2mer-0+338,0.04705189,1,0.02352594,-77.18914582,4.112984e-05,18.48,15.33,15.33,0.0,0.023525945,0.023525945,0.14115567,-76.74783102590021,-77.18914579999995
2mer-0+352,0.18294502,2,0.18294502,-77.00620081,4.064237e-05,17.133,15.391,15.391,0.0,0.18294502,0.18294502,0.54883506,-76.5648860059002,-77.00620077999994
2mer-0+361,-0.10179183,2,-0.10179183,-77.10799264,4.063703e-05,18.264,15.392,15.392,0.0,-0.10179183,-0.10179183,-0.30537548999999997,-76.6666778359002,-77.10799260999994
2mer-0+435,-0.19104216,1,-0.09552108,-77.20351372,4.030727e-05,16.164,15.434,15.434,0.0,-0.09552108,-0.09552108,-0.57312648,-76.7621989159002,-77.20351368999994
2mer-0+349,0.05433878,2,0.05433878,-77.14917494,4.010751e-05,17.764,15.459,15.459,0.0,0.05433878,0.05433878,0.16301634,-76.7078601359002,-77.14917490999994
2mer-0+431,-0.03441054,1,-0.01720527,-77.16638021,3.998142e-05,18.082,15.476,15.476,0.0,-0.01720527,-0.01720527,-0.10323162000000001,-76.72506540590021,-77.16638017999995
2mer-0+337,0.06402797,2,0.06402797,-77.10235224,3.990903e-05,17.807,15.485,15.485,0.0,0.06402797,0.06402797,0.19208391000000002,-76.66103743590021,-77.10235220999995
2mer-0+439,-0.30968928,2,-0.30968928,-77.41204152,3.957311e-05,18.438,15.529,15.529,0.0,-0.30968928,-0.30968928,-0.9290678400000001,-76.97072671590021,-77.41204148999995
2mer-0+522,-0.16254081,1,-0.08127041,-77.49331193,3.942636e-05,17.977,15.548,15.548,0.0,-0.081270405,-0.081270405,-0.48762243000000005,-77.05199712090021,-77.49331189499995
2mer-0+262,-0.18054528,1,-0.09027264,-77.58358457,3.938899e-05,16.067,15.553,15.553,0.0,-0.09027264,-0.09027264,-0.54163584,-77.1422697609002,-77.58358453499994
2mer-0+339,0.09837144,2,0.09837144,-77.48521313,3.933008e-05,17.573,15.561,15.561,0.0,0.09837144,0.09837144,0.29511432000000004,-77.04389832090021,-77.48521309499995
2mer-0+283,0.16879156,2,0.16879156,-77.31642157,3.841753e-05,17.106,15.683,15.683,0.0,0.16879156,0.16879156,0.50637468,-76.87510676090021,-77.31642153499995
2mer-0+393,0.00842605,1,0.00421303,-77.31220855,3.807342e-05,18.908,15.73,15.73,0.0,0.004213025,0.004213025,0.02527815,-76.87089373590021,-77.31220850999995
2mer-0+556,-0.15167605,1,-0.07583803,-77.38804658,3.805594e-05,17.867,15.732,15.732,0.0,-0.075838025,-0.075838025,-0.45502815,-76.9467317609002,-77.38804653499994
2mer-0+452,0.21172497,1,0.10586249,-77.28218409,3.796104e-05,18.993,15.745,15.745,0.0,0.105862485,0.105862485,0.63517491,-76.8408692759002,-77.28218404999994
2mer-0+389,-0.17353248,1,-0.08676624,-77.36895033,3.789116e-05,18.277,15.755,15.755,0.0,-0.08676624,-0.08676624,-0.52059744,-76.9276355159002,-77.36895028999994
2mer-0+344,0.06396201,1,0.03198101,-77.33696932,3.780943e-05,18.748,15.766,15.766,0.0,0.031981005,0.031981005,0.19188602999999999,-76.8956545109002,-77.33696928499994
2mer-0+502,-0.10827891,2,-0.10827891,-77.44524824,3.749316e-05,17.702,15.811,15.811,0.0,-0.10827891,-0.10827891,-0.32483673,-77.0039334209002,-77.44524819499993
2mer-0+561,0.19419545,1,0.09709773,-77.34815051,3.739107e-05,17.689,15.825,15.825,0.0,0.097097725,0.097097725,0.5825863499999999,-76.9068356959002,-77.34815046999994
2mer-0+300,-0.13782485,1,-0.06891243,-77.41706293,3.737037e-05,17.944,15.828,15.828,0.0,-0.068912425,-0.068912425,-0.41347455,-76.97574812090019,-77.41706289499993
2mer-0+346,-0.11053459,2,-0.11053459,-77.52759753,3.733233e-05,17.974,15.833,15.833,0.0,-0.11053459,-0.11053459,-0.33160377,-77.08628271090019,-77.52759748499993
2mer-0+508,-0.20219804,1,-0.10109902,-77.62869655,3.71929e-05,16.743,15.853,15.853,0.0,-0.10109902,-0.10109902,-0.60659412,-77.1873817309002,-77.62869650499994
2mer-0+433,-0.10528009,2,-0.10528009,-77.73397663,3.716829e-05,18.181,15.857,15.857,0.0,-0.10528009,-0.10528009,-0.31584027000000003,-77.2926618209002,-77.73397659499993
2mer-0+474,0.0972111,2,0.0972111,-77.63676553,3.700675e-05,18.487,15.88,15.88,0.0,0.0972111,0.0972111,0.2916333,-77.1954507209002,-77.63676549499993
2mer-0+417,-0.19828004,2,-0.19828004,-77.83504557,3.689006e-05,18.438,15.896,15.896,0.0,-0.19828004,-0.19828004,-0.59484012,-77.3937307609002,-77.83504553499994
2mer-0+287,-0.15482182,2,-0.15482182,-77.98986739,3.667635e-05,16.852,15.927,15.927,0.0,-0.15482182,-0.15482182,-0.46446546,-77.54855258090019,-77.98986735499993
2mer-0+398,-0.03255583,1,-0.01627792,-78.00614531,3.666761e-05,17.094,15.928,15.928,0.0,-0.016277915,-0.016277915,-0.09766749,-77.5648304959002,-78.00614526999993
2mer-0+403,0.18138245,2,0.18138245,-77.82476286,3.603354e-05,17.723,16.021,16.021,0.0,0.18138245,0.18138245,0.54414735,-77.3834480459002,-77.82476281999993
2mer-0+306,-0.15598121,1,-0.0779906,-77.90275346,3.598403e-05,16.566,16.029,16.029,0.0,-0.077990605,-0.077990605,-0.46794363000000005,-77.46143865090019,-77.90275342499993
2mer-0+351,-0.12919677,2,-0.12919677,-78.03195023,3.592063e-05,18.08,16.038,16.038,0.0,-0.12919677,-0.12919677,-0.38759031,-77.59063542090018,-78.03195019499992
2mer-0+369,0.16624273,2,0.16624273,-77.8657075,3.571749e-05,17.765,16.068,16.068,0.0,0.16624273,0.16624273,0.49872819,-77.42439269090019,-77.86570746499993
2mer-0+293,-0.17051989,1,-0.08525995,-77.95096744,3.563899e-05,16.814,16.08,16.08,0.0,-0.085259945,-0.085259945,-0.51155967,-77.5096526359002,-77.95096740999993
2mer-0+327,-0.08940777,2,-0.08940777,-78.04037521,3.545706e-05,18.265,16.108,16.108,0.0,-0.08940777,-0.08940777,-0.26822331,-77.59906040590019,-78.04037517999993
2mer-0+438,-0.11659549,2,-0.11659549,-78.1569707,3.537628e-05,18.146,16.12,16.12,0.0,-0.11659549,-0.11659549,-0.34978646999999996,-77.71565589590018,-78.15697066999992
2mer-0+446,0.24023965,1,0.12011983,-78.03685088,3.520712e-05,19.76,16.146,16.146,0.0,0.120119825,0.120119825,0.72071895,-77.59553607090018,-78.03685084499992
2mer-0+365,-0.14841177,2,-0.14841177,-78.18526265,3.518015e-05,17.58,16.15,16.15,0.0,-0.14841177,-0.14841177,-0.44523531,-77.74394784090018,-78.18526261499991
2mer-0+571,-0.14913763,1,-0.07456881,-78.25983146,3.495248e-05,18.792,16.185,16.185,0.0,-0.074568815,-0.074568815,-0.44741288999999995,-77.81851665590018,-78.25983142999992
2mer-0+484,-0.10901141,1,-0.0545057,-78.31433717,3.482113e-05,18.557,16.205,16.205,0.0,-0.054505705,-0.054505705,-0.32703423,-77.87302236090018,-78.31433713499992
2mer-0+325,0.16754567,2,0.16754567,-78.1467915,3.474844e-05,17.017,16.216,16.216,0.0,0.16754567,0.16754567,0.50263701,-77.70547669090018,-78.14679146499992
2mer-0+357,-0.11504122,2,-0.11504122,-78.26183272,3.465185e-05,18.417,16.232,16.232,0.0,-0.11504122,-0.11504122,-0.34512366,-77.82051791090018,-78.26183268499992
2mer-0+449,0.22425271,1,0.11212635,-78.14970637,3.447194e-05,19.753,16.26,16.26,0.0,0.112126355,0.112126355,0.67275813,-77.70839155590018,-78.14970632999992
2mer-0+440,0.05599851,2,0.05599851,-78.09370785,3.41978e-05,18.648,16.303,16.303,0.0,0.05599851,0.05599851,0.16799553,-77.65239304590018,-78.09370781999992
2mer-0+350,-0.14356092,2,-0.14356092,-78.23726878,3.417362e-05,18.509,16.307,16.307,0.0,-0.14356092,-0.14356092,-0.43068276000000005,-77.79595396590018,-78.23726873999992
2mer-0+348,-0.13667277,2,-0.13667277,-78.37394154,3.398672e-05,18.163,16.337,16.337,0.0,-0.13667277,-0.13667277,-0.41001831,-77.93262673590019,-78.37394150999992
2mer-0+377,0.05208497,1,0.02604249,-78.34789906,3.379521e-05,18.659,16.368,16.368,0.0,0.026042485,0.026042485,0.15625491,-77.90658425090018,-78.34789902499992
2mer-0+575,0.16769603,1,0.08384801,-78.26405104,3.373944e-05,18.132,16.377,16.377,0.0,0.083848015,0.083848015,0.50308809,-77.82273623590018,-78.26405100999992
2mer-0+579,-0.09511026,1,-0.04755513,-78.31160617,3.34503e-05,17.263,16.424,16.424,0.0,-0.04755513,-0.04755513,-0.28533078,-77.87029136590019,-78.31160613999992
2mer-0+457,0.08915881,2,0.08915881,-78.22244736,3.338229e-05,18.625,16.435,16.435,0.0,0.08915881,0.08915881,0.26747643,-77.78113255590019,-78.22244732999992
2mer-0+372,0.14282346,2,0.14282346,-78.0796239,3.332906e-05,18.105,16.443,16.443,0.0,0.14282346,0.14282346,0.42847038000000004,-77.63830909590018,-78.07962386999992
2mer-0+426,0.14399002,2,0.14399002,-77.93563388,3.303618e-05,18.149,16.492,16.492,0.0,0.14399002,0.14399002,0.43197006,-77.49431907590018,-77.93563384999992
2mer-0+486,-0.2709695,2,-0.2709695,-78.20660338,3.291716e-05,19.486,16.512,16.512,0.0,-0.2709695,-0.2709695,-0.8129084999999999,-77.76528857590019,-78.20660334999992
2mer-0+415,-0.109657,2,-0.109657,-78.31626038,3.275564e-05,18.705,16.539,16.539,0.0,-0.109657,-0.109657,-0.328971,-77.87494557590018,-78.31626034999992
2mer-0+511,-0.2642831,2,-0.2642831,-78.58054348,3.261266e-05,19.466,16.563,16.563,0.0,-0.2642831,-0.2642831,-0.7928493,-78.13922867590018,-78.58054344999992
2mer-0+510,-0.23279646,2,-0.23279646,-78.81333995,3.256193e-05,19.388,16.572,16.572,0.0,-0.23279646,-0.23279646,-0.6983893800000001,-78.37202513590019,-78.81333990999993
2mer-0+514,-0.10546538,2,-0.10546538,-78.91880533,3.237478e-05,18.625,16.603,16.603,0.0,-0.10546538,-0.10546538,-0.31639614,-78.47749051590019,-78.91880528999992
2mer-0+480,-0.14081959,1,-0.0704098,-78.98921512,3.235067e-05,18.98,16.608,16.608,0.0,-0.070409795,-0.070409795,-0.42245877,-78.54790031090019,-78.98921508499993
2mer-0+461,0.22478123,1,0.11239061,-78.87682451,3.221849e-05,20.232,16.63,16.63,0.0,0.112390615,0.112390615,0.6743436899999999,-78.4355096959002,-78.87682446999993
2mer-0+400,-0.14366517,1,-0.07183258,-78.9486571,3.218725e-05,18.3,16.636,16.636,0.0,-0.071832585,-0.071832585,-0.43099551,-78.50734228090019,-78.94865705499993
2mer-0+495,0.05689405,2,0.05689405,-78.89176304,3.200769e-05,19.135,16.667,16.667,0.0,0.05689405,0.05689405,0.17068215,-78.4504482309002,-78.89176300499993
2mer-0+491,0.177046,1,0.088523,-78.80324005,3.194019e-05,19.925,16.678,16.678,0.0,0.088523,0.088523,0.531138,-78.3619252309002,-78.80324000499994
2mer-0+465,-0.08049174,2,-0.08049174,-78.88373179,3.176261e-05,19.559,16.709,16.709,0.0,-0.08049174,-0.08049174,-0.24147522000000002,-78.4424169709002,-78.88373174499993
2mer-0+630,-0.12128883,1,-0.06064442,-78.94437621,3.175399e-05,18.472,16.711,16.711,0.0,-0.060644415,-0.060644415,-0.36386649,-78.5030613859002,-78.94437615999993
2mer-0+497,0.14641513,2,0.14641513,-78.79796107,3.158989e-05,19.177,16.74,16.74,0.0,0.14641513,0.14641513,0.43924539,-78.3566462559002,-78.79796102999994
2mer-0+419,-0.1187255,2,-0.1187255,-78.91668658,3.158239e-05,18.038,16.741,16.741,0.0,-0.1187255,-0.1187255,-0.3561765,-78.4753717559002,-78.91668652999994
2mer-0+559,-0.15746513,1,-0.07873256,-78.99541914,3.155217e-05,18.075,16.747,16.747,0.0,-0.078732565,-0.078732565,-0.47239539,-78.5541043209002,-78.99541909499993
2mer-0+447,0.1078267,2,0.1078267,-78.88759244,3.146807e-05,18.815,16.761,16.761,0.0,0.1078267,0.1078267,0.3234801,-78.44627762090019,-78.88759239499993
2mer-0+590,0.03907453,1,0.01953727,-78.86805517,3.137298e-05,19.142,16.778,16.778,0.0,0.019537265,0.019537265,0.11722359000000002,-78.4267403559002,-78.86805512999993
2mer-0+414,-0.12030325,1,-0.06015163,-78.9282068,3.131805e-05,17.817,16.788,16.788,0.0,-0.060151625,-0.060151625,-0.36090975000000003,-78.4868919809002,-78.92820675499993
2mer-0+557,0.15431991,2,0.15431991,-78.77388689,3.13176e-05,17.652,16.788,16.788,0.0,0.15431991,0.15431991,0.46295973,-78.3325720709002,-78.77388684499994
2mer-0+367,-0.1805791,2,-0.1805791,-78.954466,3.120015e-05,18.005,16.809,16.809,0.0,-0.1805791,-0.1805791,-0.5417373,-78.5131511709002,-78.95446594499994
2mer-0+572,0.07142133,1,0.03571067,-78.91875533,3.101322e-05,19.457,16.843,16.843,0.0,0.035710665,0.035710665,0.21426399000000002,-78.4774405059002,-78.91875527999994
2mer-0+418,-0.08709084,2,-0.08709084,-79.00584617,3.096287e-05,18.954,16.852,16.852,0.0,-0.08709084,-0.08709084,-0.26127252,-78.5645313459002,-79.00584611999994
2mer-0+493,-0.0293952,1,-0.0146976,-79.02054376,3.066544e-05,19.987,16.906,16.906,0.0,-0.0146976,-0.0146976,-0.0881856,-78.57922894590021,-79.02054371999995
2mer-0+569,-0.19123833,1,-0.09561917,-79.11616293,3.055721e-05,17.21,16.926,16.926,0.0,-0.095619165,-0.095619165,-0.57371499,-78.67484811090021,-79.11616288499995
2mer-0+390,-0.07586238,2,-0.07586238,-79.19202531,3.042054e-05,18.996,16.952,16.952,0.0,-0.07586238,-0.07586238,-0.22758713999999997,-78.75071049090022,-79.19202526499996
2mer-0+490,-0.10043421,2,-0.10043421,-79.29245952,3.031049e-05,18.624,16.972,16.972,0.0,-0.10043421,-0.10043421,-0.30130263,-78.85114470090022,-79.29245947499996
2mer-0+412,0.05642524,1,0.02821262,-79.2642469,3.029886e-05,19.683,16.974,16.974,0.0,0.02821262,0.02821262,0.16927572000000002,-78.82293208090022,-79.26424685499995
2mer-0+355,0.10735884,2,0.10735884,-79.15688806,3.021703e-05,18.165,16.99,16.99,0.0,0.10735884,0.10735884,0.32207652,-78.71557324090021,-79.15688801499995
2mer-0+468,-0.13646112,2,-0.13646112,-79.29334919,2.984002e-05,19.388,17.061,17.061,0.0,-0.13646112,-0.13646112,-0.40938336,-78.85203436090022,-79.29334913499996
2mer-0+334,0.17385197,2,0.17385197,-79.11949722,2.982869e-05,17.371,17.063,17.063,0.0,0.17385197,0.17385197,0.52155591,-78.67818239090022,-79.11949716499996
2mer-0+402,0.13073667,2,0.13073667,-78.98876055,2.958121e-05,18.021,17.11,17.11,0.0,0.13073667,0.13073667,0.39221001,-78.54744572090021,-78.98876049499995
2mer-0+467,0.06858415,2,0.06858415,-78.9201764,2.957346e-05,19.135,17.112,17.112,0.0,0.06858415,0.06858415,0.20575244999999998,-78.47886157090021,-78.92017634499994
2mer-0+549,0.0588958,2,0.0588958,-78.86128059,2.95103e-05,19.647,17.124,17.124,0.0,0.0588958,0.0588958,0.1766874,-78.4199657709002,-78.86128054499994
2mer-0+652,-0.10290203,1,-0.05145102,-78.91273161,2.933847e-05,19.714,17.158,17.158,0.0,-0.051451015,-0.051451015,-0.30870609000000004,-78.4714167859002,-78.91273155999994
2mer-0+580,0.26764548,1,0.13382274,-78.77890887,2.913593e-05,19.411,17.197,17.197,0.0,0.13382274,0.13382274,0.80293644,-78.3375940459002,-78.77890881999994
2mer-0+535,0.22982497,1,0.11491249,-78.66399638,2.909984e-05,19.25,17.204,17.204,0.0,0.114912485,0.114912485,0.6894749099999999,-78.2226815609002,-78.66399633499994
2mer-0+538,-0.25242625,2,-0.25242625,-78.91642264,2.900409e-05,20.236,17.223,17.223,0.0,-0.25242625,-0.25242625,-0.75727875,-78.4751078109002,-78.91642258499994
2mer-0+616,0.17050537,2,0.17050537,-78.74591727,2.890502e-05,18.039,17.243,17.243,0.0,0.17050537,0.17050537,0.51151611,-78.3046024409002,-78.74591721499993
2mer-0+481,-0.09861746,2,-0.09861746,-78.84453472,2.888671e-05,19.466,17.247,17.247,0.0,-0.09861746,-0.09861746,-0.29585238,-78.4032199009002,-78.84453467499993
2mer-0+534,-0.08009966,1,-0.04004983,-78.88458455,2.884963e-05,18.962,17.254,17.254,0.0,-0.04004983,-0.04004983,-0.24029898,-78.4432697309002,-78.88458450499994
2mer-0+375,0.14896126,2,0.14896126,-78.73562329,2.863469e-05,18.417,17.297,17.297,0.0,0.14896126,0.14896126,0.44688378000000006,-78.2943084709002,-78.73562324499994
2mer-0+368,0.14091326,2,0.14091326,-78.59471003,2.860937e-05,18.921,17.302,17.302,0.0,0.14091326,0.14091326,0.42273978,-78.1533952109002,-78.59470998499994
2mer-0+370,0.11081485,2,0.11081485,-78.48389518,2.854771e-05,18.103,17.315,17.315,0.0,0.11081485,0.11081485,0.33244455,-78.0425803609002,-78.48389513499994
2mer-0+356,-0.12838651,1,-0.06419326,-78.54808843,2.851624e-05,18.121,17.321,17.321,0.0,-0.064193255,-0.064193255,-0.38515953,-78.10677361590021,-78.54808838999995
2mer-0+681,-0.11633589,1,-0.05816794,-78.60625638,2.849668e-05,19.613,17.325,17.325,0.0,-0.058167945,-0.058167945,-0.34900767,-78.1649415609002,-78.60625633499994
2mer-0+404,-0.12856954,2,-0.12856954,-78.73482592,2.847224e-05,18.944,17.33,17.33,0.0,-0.12856954,-0.12856954,-0.38570862000000006,-78.2935111009002,-78.73482587499994
2mer-0+463,-0.09478367,2,-0.09478367,-78.82960959,2.842583e-05,19.486,17.339,17.339,0.0,-0.09478367,-0.09478367,-0.28435101,-78.3882947709002,-78.82960954499994
2mer-0+611,-0.06192804,2,-0.06192804,-78.89153764,2.834592e-05,19.109,17.356,17.356,0.0,-0.06192804,-0.06192804,-0.18578412,-78.4502228109002,-78.89153758499994
2mer-0+671,0.14840194,2,0.14840194,-78.74313569,2.819554e-05,18.587,17.386,17.386,0.0,0.14840194,0.14840194,0.44520582000000003,-78.3018208709002,-78.74313564499994
2mer-0+573,-0.15514689,2,-0.15514689,-78.89828258,2.815451e-05,19.952,17.395,17.395,0.0,-0.15514689,-0.15514689,-0.46544067,-78.4569677609002,-78.89828253499994
2mer-0+521,0.18162541,1,0.0908127,-78.80746988,2.810355e-05,19.312,17.405,17.405,0.0,0.090812705,0.090812705,0.54487623,-78.3661550559002,-78.80746982999993
2mer-0+430,0.05229266,1,0.02614633,-78.78132355,2.801776e-05,19.845,17.423,17.423,0.0,0.02614633,0.02614633,0.15687798,-78.34000872590019,-78.78132349999993
2mer-0+364,-0.13823777,2,-0.13823777,-78.91956133,2.799841e-05,18.452,17.427,17.427,0.0,-0.13823777,-0.13823777,-0.41471331,-78.4782464959002,-78.91956126999993
2mer-0+478,-0.07341875,2,-0.07341875,-78.99298007,2.791448e-05,19.587,17.444,17.444,0.0,-0.07341875,-0.07341875,-0.22025625000000001,-78.5516652459002,-78.99298001999993
2mer-0+578,0.15405921,1,0.07702961,-78.91595047,2.789216e-05,20.598,17.449,17.449,0.0,0.077029605,0.077029605,0.46217763,-78.47463564090019,-78.91595041499993
2mer-0+460,0.00802929,2,0.00802929,-78.90792118,2.786659e-05,19.525,17.454,17.454,0.0,0.00802929,0.00802929,0.024087869999999997,-78.4666063509002,-78.90792112499993
2mer-0+617,0.06636583,1,0.03318291,-78.87473826,2.779195e-05,18.955,17.47,17.47,0.0,0.033182915,0.033182915,0.19909749,-78.4334234359002,-78.87473820999993
2mer-0+629,0.28482115,1,0.14241058,-78.73232769,2.774088e-05,19.779,17.481,17.481,0.0,0.142410575,0.142410575,0.8544634500000001,-78.2910128609002,-78.73232763499993
2mer-0+442,0.10062304,2,0.10062304,-78.63170465,2.754182e-05,19.091,17.523,17.523,0.0,0.10062304,0.10062304,0.30186912,-78.1903898209002,-78.63170459499993
2mer-0+544,-0.14546984,2,-0.14546984,-78.77717449,2.748408e-05,19.952,17.535,17.535,0.0,-0.14546984,-0.14546984,-0.43640952,-78.3358596609002,-78.77717443499994
2mer-0+651,-0.12175538,1,-0.06087769,-78.83805218,2.73955e-05,20.226,17.554,17.554,0.0,-0.06087769,-0.06087769,-0.36526614,-78.3967373509002,-78.83805212499993
2mer-0+432,0.09110888,2,0.09110888,-78.7469433,2.733964e-05,19.13,17.566,17.566,0.0,0.09110888,0.09110888,0.27332664,-78.3056284709002,-78.74694324499994
2mer-0+548,-0.00416757,2,-0.00416757,-78.75111087,2.71634e-05,19.372,17.604,17.604,0.0,-0.00416757,-0.00416757,-0.01250271,-78.30979604090021,-78.75111081499995
2mer-0+499,0.1079453,2,0.1079453,-78.64316557,2.700347e-05,19.372,17.638,17.638,0.0,0.1079453,0.1079453,0.32383589999999995,-78.20185074090021,-78.64316551499995
2mer-0+542,0.09483542,2,0.09483542,-78.54833015,2.692089e-05,19.214,17.657,17.657,0.0,0.09483542,0.09483542,0.28450626,-78.10701532090022,-78.54833009499995
2mer-0+591,0.19824256,1,0.09912128,-78.44920887,2.69029e-05,19.707,17.66,17.66,0.0,0.09912128,0.09912128,0.5947276800000001,-78.00789404090021,-78.44920881499995
2mer-0+565,-0.13524537,1,-0.06762268,-78.51683156,2.681142e-05,20.05,17.68,17.68,0.0,-0.067622685,-0.067622685,-0.40573611,-78.07551672590021,-78.51683149999995
2mer-0+675,-0.05595294,2,-0.05595294,-78.5727845,2.670073e-05,19.753,17.705,17.705,0.0,-0.05595294,-0.05595294,-0.16785882,-78.13146966590021,-78.57278443999995
2mer-0+424,-0.04620473,2,-0.04620473,-78.61898923,2.666817e-05,19.708,17.712,17.712,0.0,-0.04620473,-0.04620473,-0.13861419,-78.17767439590021,-78.61898916999995
2mer-0+695,-0.08248521,1,-0.0412426,-78.66023184,2.655706e-05,20.46,17.737,17.737,0.0,-0.041242605,-0.041242605,-0.24745563,-78.2189170009002,-78.66023177499994
2mer-0+550,0.18667261,1,0.09333631,-78.56689553,2.653912e-05,21.319,17.741,17.741,0.0,0.093336305,0.093336305,0.5600178299999999,-78.12558069590021,-78.56689546999995
2mer-0+605,0.22782148,1,0.11391074,-78.45298479,2.650375e-05,19.854,17.749,17.749,0.0,0.11391074,0.11391074,0.68346444,-78.01166995590022,-78.45298472999995
2mer-0+527,-0.08676988,2,-0.08676988,-78.53975467,2.640145e-05,19.971,17.772,17.772,0.0,-0.08676988,-0.08676988,-0.26030964,-78.09843983590022,-78.53975460999996
2mer-0+420,-0.10158264,1,-0.05079132,-78.59054599,2.637346e-05,19.594,17.778,17.778,0.0,-0.05079132,-0.05079132,-0.30474792,-78.14923115590022,-78.59054592999996
2mer-0+392,-0.14561909,1,-0.07280955,-78.66335553,2.624249e-05,18.146,17.807,17.807,0.0,-0.072809545,-0.072809545,-0.43685727,-78.22204070090022,-78.66335547499996
2mer-0+607,0.10705067,1,0.05352534,-78.6098302,2.613842e-05,20.731,17.831,17.831,0.0,0.053525335,0.053525335,0.32115201,-78.16851536590022,-78.60983013999996
2mer-0+479,0.10108204,2,0.10108204,-78.50874815,2.583732e-05,20.541,17.9,17.9,0.0,0.10108204,0.10108204,0.30324612,-78.06743332590023,-78.50874809999996
2mer-0+676,-0.08759674,1,-0.04379837,-78.55254652,2.556676e-05,18.683,17.963,17.963,0.0,-0.04379837,-0.04379837,-0.26279022,-78.11123169590023,-78.55254646999997
2mer-0+668,-0.05359864,2,-0.05359864,-78.60614517,2.549759e-05,20.064,17.979,17.979,0.0,-0.05359864,-0.05359864,-0.16079592,-78.16483033590023,-78.60614510999997
2mer-0+469,-0.12257208,1,-0.06128604,-78.6674312,2.549137e-05,19.341,17.981,17.981,0.0,-0.06128604,-0.06128604,-0.36771624,-78.22611637590023,-78.66743114999997
2mer-0+517,0.09077389,2,0.09077389,-78.57665731,2.535849e-05,20.725,18.012,18.012,0.0,0.09077389,0.09077389,0.27232166999999996,-78.13534248590024,-78.57665725999998
2mer-0+528,0.00530138,1,0.00265069,-78.57400662,2.528606e-05,20.009,18.029,18.029,0.0,0.00265069,0.00265069,0.015904139999999997,-78.13269179590024,-78.57400656999998
2mer-0+692,-0.0323975,2,-0.0323975,-78.60640412,2.518193e-05,19.701,18.054,18.054,0.0,-0.0323975,-0.0323975,-0.09719250000000001,-78.16508929590024,-78.60640406999998
2mer-0+690,0.0485373,1,0.02426865,-78.58213547,2.508259e-05,20.388,18.078,18.078,0.0,0.02426865,0.02426865,0.1456119,-78.14082064590025,-78.58213541999999
2mer-0+515,0.10129459,2,0.10129459,-78.48084088,2.502679e-05,20.632,18.091,18.091,0.0,0.10129459,0.10129459,0.30388377,-78.03952605590025,-78.48084082999999
2mer-0+455,-0.12616246,2,-0.12616246,-78.60700334,2.49978e-05,19.938,18.098,18.098,0.0,-0.12616246,-0.12616246,-0.37848738000000004,-78.16568851590026,-78.60700329
2mer-0+473,0.11116349,2,0.11116349,-78.49583985,2.499057e-05,19.529,18.1,18.1,0.0,0.11116349,0.11116349,0.33349047,-78.05452502590026,-78.4958398
2mer-0+621,-0.02966237,1,-0.01483119,-78.51067104,2.489359e-05,20.632,18.123,18.123,0.0,-0.014831185,-0.014831185,-0.08898711000000001,-78.06935621090027,-78.510670985
2mer-0+758,0.11456852,1,0.05728426,-78.45338678,2.483012e-05,19.901,18.139,18.139,0.0,0.05728426,0.05728426,0.34370555999999997,-78.01207195090026,-78.453386725
2mer-0+422,0.12541742,2,0.12541742,-78.32796936,2.476279e-05,19.327,18.155,18.155,0.0,0.12541742,0.12541742,0.37625226,-77.88665453090026,-78.327969305
2mer-0+724,-0.0401241,2,-0.0401241,-78.36809346,2.475745e-05,20.095,18.157,18.157,0.0,-0.0401241,-0.0401241,-0.12037230000000002,-77.92677863090026,-78.368093405
2mer-0+482,-0.07407672,2,-0.07407672,-78.44217018,2.469303e-05,20.291,18.172,18.172,0.0,-0.07407672,-0.07407672,-0.22223016,-78.00085535090025,-78.44217012499999
2mer-0+498,-0.07016329,2,-0.07016329,-78.51233347,2.467257e-05,20.235,18.177,18.177,0.0,-0.07016329,-0.07016329,-0.21048987000000002,-78.07101864090025,-78.51233341499999
2mer-0+767,-0.11605312,1,-0.05802656,-78.57036003,2.450709e-05,20.166,18.218,18.218,0.0,-0.05802656,-0.05802656,-0.34815936,-78.12904520090025,-78.57035997499999
2mer-0+647,-0.13242354,1,-0.06621177,-78.6365718,2.44795e-05,19.74,18.225,18.225,0.0,-0.06621177,-0.06621177,-0.39727062,-78.19525697090025,-78.63657174499998
2mer-0+649,0.07410698,2,0.07410698,-78.56246482,2.441551e-05,20.786,18.241,18.241,0.0,0.07410698,0.07410698,0.22232094000000002,-78.12114999090025,-78.56246476499999
2mer-0+631,-0.19060225,2,-0.19060225,-78.75306707,2.433023e-05,21.069,18.262,18.262,0.0,-0.19060225,-0.19060225,-0.57180675,-78.31175224090025,-78.75306701499998
2mer-0+608,-0.02530126,1,-0.01265063,-78.7657177,2.428786e-05,19.415,18.273,18.273,0.0,-0.01265063,-0.01265063,-0.07590378,-78.32440287090024,-78.76571764499998
2mer-0+606,0.15722411,1,0.07861205,-78.68710564,2.427355e-05,21.698,18.276,18.276,0.0,0.078612055,0.078612055,0.47167233,-78.24579081590025,-78.68710558999999
2mer-0+593,-0.04468622,2,-0.04468622,-78.73179186,2.416927e-05,20.258,18.303,18.303,0.0,-0.04468622,-0.04468622,-0.13405866,-78.29047703590025,-78.73179180999999
2mer-0+568,0.10369368,2,0.10369368,-78.62809818,2.414519e-05,20.983,18.309,18.309,0.0,0.10369368,0.10369368,0.31108104,-78.18678335590025,-78.62809812999998
2mer-0+546,-0.0430557,2,-0.0430557,-78.67115388,2.40939e-05,20.162,18.322,18.322,0.0,-0.0430557,-0.0430557,-0.1291671,-78.22983905590024,-78.67115382999998
2mer-0+529,-0.10762638,1,-0.05381319,-78.72496707,2.409049e-05,19.751,18.323,18.323,0.0,-0.05381319,-0.05381319,-0.32287913999999995,-78.28365224590024,-78.72496701999998
2mer-0+574,0.10785603,1,0.05392801,-78.67103906,2.407298e-05,20.033,18.327,18.327,0.0,0.053928015,0.053928015,0.32356809000000003,-78.22972423090025,-78.67103900499998
2mer-0+525,-0.04146072,2,-0.04146072,-78.71249978,2.403789e-05,20.236,18.336,18.336,0.0,-0.04146072,-0.04146072,-0.12438215999999999,-78.27118495090025,-78.71249972499999
2mer-0+475,-0.12437223,1,-0.06218611,-78.77468589,2.396719e-05,19.598,18.354,18.354,0.0,-0.062186115,-0.062186115,-0.37311669000000003,-78.33337106590025,-78.77468583999999
2mer-0+780,-0.0871749,1,-0.04358745,-78.81827334,2.395434e-05,19.728,18.357,18.357,0.0,-0.04358745,-0.04358745,-0.2615247,-78.37695851590026,-78.81827329
2mer-0+566,-0.00227094,2,-0.00227094,-78.82054428,2.381299e-05,20.369,18.393,18.393,0.0,-0.00227094,-0.00227094,-0.00681282,-78.37922945590026,-78.82054423
2mer-0+734,0.01869374,1,0.00934687,-78.81119742,2.37412e-05,20.516,18.412,18.412,0.0,0.00934687,0.00934687,0.05608122,-78.36988258590026,-78.81119736
2mer-0+570,0.07386314,2,0.07386314,-78.73733427,2.371808e-05,19.916,18.418,18.418,0.0,0.07386314,0.07386314,0.22158941999999998,-78.29601944590026,-78.73733422
2mer-0+708,0.06386352,1,0.03193176,-78.70540251,2.357543e-05,20.891,18.455,18.455,0.0,0.03193176,0.03193176,0.19159055999999997,-78.26408768590025,-78.70540245999999
2mer-0+738,0.24769634,1,0.12384817,-78.58155434,2.349215e-05,20.775,18.477,18.477,0.0,0.12384817,0.12384817,0.74308902,-78.14023951590025,-78.58155428999999
2mer-0+507,0.10130228,2,0.10130228,-78.48025206,2.339179e-05,20.983,18.503,18.503,0.0,0.10130228,0.10130228,0.30390684,-78.03893723590025,-78.48025200999999
2mer-0+691,0.16945762,2,0.16945762,-78.31079444,2.32159e-05,22.004,18.55,18.55,0.0,0.16945762,0.16945762,0.50837286,-77.86947961590025,-78.31079438999998
2mer-0+731,-0.14441611,1,-0.07220805,-78.3830025,2.320288e-05,19.065,18.553,18.553,0.0,-0.072208055,-0.072208055,-0.43324832999999996,-77.94168767090025,-78.38300244499999
2mer-0+533,0.08917135,2,0.08917135,-78.29383115,2.308937e-05,20.906,18.584,18.584,0.0,0.08917135,0.08917135,0.26751405,-77.85251632090025,-78.29383109499999
2mer-0+635,-0.1980605,2,-0.1980605,-78.49189165,2.296255e-05,21.569,18.618,18.618,0.0,-0.1980605,-0.1980605,-0.5941815,-78.05057682090025,-78.49189159499998
2mer-0+483,-0.02257801,2,-0.02257801,-78.51446965,2.292787e-05,20.55,18.627,18.627,0.0,-0.02257801,-0.02257801,-0.06773403,-78.07315483090025,-78.51446960499999
2mer-0+540,-0.02965054,2,-0.02965054,-78.54412019,2.288541e-05,20.518,18.639,18.639,0.0,-0.02965054,-0.02965054,-0.08895162,-78.10280537090026,-78.544120145
2mer-0+613,0.02202888,2,0.02202888,-78.52209131,2.287874e-05,21.396,18.64,18.64,0.0,0.02202888,0.02202888,0.06608664,-78.08077649090026,-78.522091265
2mer-0+650,-0.06337731,2,-0.06337731,-78.58546862,2.287748e-05,21.389,18.641,18.641,0.0,-0.06337731,-0.06337731,-0.19013193,-78.14415380090027,-78.58546857500001
2mer-0+715,0.16641613,2,0.16641613,-78.41905249,2.27584e-05,22.108,18.673,18.673,0.0,0.16641613,0.16641613,0.49924839,-77.97773767090027,-78.419052445
2mer-0+687,0.08913752,2,0.08913752,-78.32991497,2.266969e-05,19.891,18.698,18.698,0.0,0.08913752,0.08913752,0.26741256,-77.88860015090027,-78.32991492500001
2mer-0+660,-0.12414949,2,-0.12414949,-78.45406446,2.264408e-05,21.124,18.705,18.705,0.0,-0.12414949,-0.12414949,-0.37244847000000003,-78.01274964090027,-78.454064415
2mer-0+669,-0.04964328,1,-0.02482164,-78.4788861,2.261122e-05,21.62,18.714,18.714,0.0,-0.02482164,-0.02482164,-0.14892983999999998,-78.03757128090027,-78.478886055
2mer-0+620,-0.04653868,2,-0.04653868,-78.52542477,2.257215e-05,20.833,18.724,18.724,0.0,-0.04653868,-0.04653868,-0.13961604,-78.08410996090026,-78.525424735
2mer-0+526,0.03860148,1,0.01930074,-78.50612404,2.238742e-05,21.198,18.776,18.776,0.0,0.01930074,0.01930074,0.11580444000000001,-78.06480922090026,-78.506123995
2mer-0+774,-0.00589276,1,-0.00294638,-78.50907042,2.238254e-05,20.524,18.777,18.777,0.0,-0.00294638,-0.00294638,-0.01767828,-78.06775560090026,-78.509070375
2mer-0+532,-0.12711432,2,-0.12711432,-78.63618473,2.226392e-05,19.824,18.811,18.811,0.0,-0.12711432,-0.12711432,-0.38134296,-78.19486992090026,-78.636184695
2mer-0+654,0.11326774,1,0.05663387,-78.57955086,2.224666e-05,20.638,18.815,18.815,0.0,0.05663387,0.05663387,0.33980322,-78.13823605090026,-78.579550825
2mer-0+798,0.02112823,1,0.01056411,-78.56898675,2.224006e-05,20.427,18.817,18.817,0.0,0.010564115,0.010564115,0.06338469000000001,-78.12767193590027,-78.56898671
2mer-0+615,0.07470471,2,0.07470471,-78.49428204,2.220785e-05,21.52,18.826,18.826,0.0,0.07470471,0.07470471,0.22411412999999997,-78.05296722590026,-78.494282
2mer-0+689,0.06650861,2,0.06650861,-78.42777343,2.220627e-05,21.201,18.827,18.827,0.0,0.06650861,0.06650861,0.19952583,-77.98645861590026,-78.42777339
2mer-0+500,-0.10987035,2,-0.10987035,-78.53764378,2.217402e-05,20.343,18.836,18.836,0.0,-0.10987035,-0.10987035,-0.32961105,-78.09632896590026,-78.53764374
2mer-0+775,-0.01180057,1,-0.00590028,-78.54354406,2.216731e-05,20.803,18.838,18.838,0.0,-0.005900285,-0.005900285,-0.03540171,-78.10222925090025,-78.54354402499999
2mer-0+612,0.10510774,2,0.10510774,-78.43843632,2.203062e-05,20.485,18.877,18.877,0.0,0.10510774,0.10510774,0.31532322,-77.99712151090026,-78.438436285
2mer-0+663,-0.07742551,2,-0.07742551,-78.51586183,2.20131e-05,21.124,18.882,18.882,0.0,-0.07742551,-0.07742551,-0.23227653,-78.07454702090025,-78.51586179499999
2mer-0+609,0.01184569,2,0.01184569,-78.50401614,2.195609e-05,21.466,18.898,18.898,0.0,0.01184569,0.01184569,0.035537070000000004,-78.06270133090025,-78.50401610499999
2mer-0+723,-0.03685111,2,-0.03685111,-78.54086725,2.178397e-05,20.998,18.948,18.948,0.0,-0.03685111,-0.03685111,-0.11055333,-78.09955244090025,-78.54086721499999
2mer-0+729,0.18613876,1,0.09306938,-78.44779787,2.16926e-05,21.065,18.974,18.974,0.0,0.09306938,0.09306938,0.55841628,-78.00648306090025,-78.44779783499999
2mer-0+802,-0.06271902,1,-0.03135951,-78.47915738,2.162375e-05,21.784,18.994,18.994,0.0,-0.03135951,-0.03135951,-0.18815706,-78.03784257090025,-78.47915734499999
2mer-0+740,-0.10387797,1,-0.05193899,-78.53109637,2.154679e-05,19.718,19.017,19.017,0.0,-0.051938985,-0.051938985,-0.31163391,-78.08978155590026,-78.53109633
2mer-0+667,-0.07475344,2,-0.07475344,-78.60584981,2.147267e-05,21.172,19.039,19.039,0.0,-0.07475344,-0.07475344,-0.22426032,-78.16453499590025,-78.60584976999999
2mer-0+670,0.02208623,2,0.02208623,-78.58376358,2.135718e-05,21.927,19.073,19.073,0.0,0.02208623,0.02208623,0.06625869,-78.14244876590026,-78.58376353999999
2mer-0+751,-0.03647692,2,-0.03647692,-78.6202405,2.127288e-05,20.977,19.098,19.098,0.0,-0.03647692,-0.03647692,-0.10943076000000002,-78.17892568590025,-78.62024045999999
2mer-0+725,0.14599997,2,0.14599997,-78.47424053,2.120843e-05,22.484,19.118,19.118,0.0,0.14599997,0.14599997,0.43799991000000005,-78.03292571590025,-78.47424048999999
2mer-0+518,-0.11659586,1,-0.05829793,-78.53253846,2.118088e-05,19.513,19.126,19.126,0.0,-0.05829793,-0.05829793,-0.34978758,-78.09122364590024,-78.53253841999998
2mer-0+512,-0.01551635,2,-0.01551635,-78.54805481,2.115812e-05,21.023,19.133,19.133,0.0,-0.01551635,-0.01551635,-0.04654905,-78.10673999590024,-78.54805476999998
2mer-0+771,0.00792324,1,0.00396162,-78.54409319,2.114349e-05,21.31,19.137,19.137,0.0,0.00396162,0.00396162,0.02376972,-78.10277837590024,-78.54409314999998
2mer-0+622,-0.02757177,2,-0.02757177,-78.57166496,2.097625e-05,21.069,19.188,19.188,0.0,-0.02757177,-0.02757177,-0.08271531,-78.13035014590024,-78.57166491999998
2mer-0+712,0.06507309,2,0.06507309,-78.50659187,2.091833e-05,21.195,19.205,19.205,0.0,0.06507309,0.06507309,0.19521927,-78.06527705590024,-78.50659182999998
2mer-0+657,0.0047978,2,0.0047978,-78.50179407,2.090376e-05,21.36,19.21,19.21,0.0,0.0047978,0.0047978,0.014393399999999999,-78.06047925590023,-78.50179402999997
2mer-0+658,0.09554872,2,0.09554872,-78.40624535,2.089647e-05,21.928,19.212,19.212,0.0,0.09554872,0.09554872,0.28664616,-77.96493053590024,-78.40624530999997
2mer-0+677,0.04829914,2,0.04829914,-78.3579462,2.086421e-05,21.201,19.222,19.222,0.0,0.04829914,0.04829914,0.14489742,-77.91663139590024,-78.35794616999998
2mer-0+763,-0.09002818,1,-0.04501409,-78.40296029,2.084188e-05,21.333,19.229,19.229,0.0,-0.04501409,-0.04501409,-0.27008454,-77.96164548590023,-78.40296025999997
2mer-0+536,-0.10095401,2,-0.10095401,-78.50391431,2.066811e-05,20.231,19.283,19.283,0.0,-0.10095401,-0.10095401,-0.30286203,-78.06259949590023,-78.50391426999997
2mer-0+850,-0.01571663,2,-0.01571663,-78.51963094,2.066701e-05,21.057,19.283,19.283,0.0,-0.01571663,-0.01571663,-0.04714989,-78.07831612590023,-78.51963089999997
2mer-0+551,0.04196626,2,0.04196626,-78.47766468,2.059396e-05,20.739,19.306,19.306,0.0,0.04196626,0.04196626,0.12589878,-78.03634986590023,-78.47766463999997
2mer-0+816,-0.03007591,1,-0.01503796,-78.49270263,2.058721e-05,21.241,19.308,19.308,0.0,-0.015037955,-0.015037955,-0.09022773,-78.05138782090023,-78.49270259499997
2mer-0+564,0.11455619,2,0.11455619,-78.37814644,2.055219e-05,20.162,19.319,19.319,0.0,0.11455619,0.11455619,0.34366857,-77.93683163090023,-78.37814640499997
2mer-0+646,-0.0856713,1,-0.04283565,-78.4209821,2.047868e-05,20.786,19.342,19.342,0.0,-0.04283565,-0.04283565,-0.2570139,-77.97966728090023,-78.42098205499997
2mer-0+855,-0.0606184,1,-0.0303092,-78.45129129,2.046339e-05,20.178,19.347,19.347,0.0,-0.0303092,-0.0303092,-0.1818552,-78.00997648090024,-78.45129125499997
2mer-0+872,0.03903829,1,0.01951914,-78.43177215,2.041604e-05,20.958,19.362,19.362,0.0,0.019519145,0.019519145,0.11711487000000001,-77.99045733590023,-78.43177210999997
2mer-0+713,0.04831001,2,0.04831001,-78.38346214,2.029337e-05,20.854,19.401,19.401,0.0,0.04831001,0.04831001,0.14493003,-77.94214732590024,-78.38346209999997
2mer-0+555,-0.1132621,1,-0.05663105,-78.44009319,2.02912e-05,20.494,19.401,19.401,0.0,-0.05663105,-0.05663105,-0.3397863,-77.99877837590023,-78.44009314999997
2mer-0+901,0.06986001,2,0.06986001,-78.37023319,2.027967e-05,21.747,19.405,19.405,0.0,0.06986001,0.06986001,0.20958003,-77.92891836590023,-78.37023313999997
2mer-0+849,-0.01196157,1,-0.00598079,-78.37621397,2.022947e-05,21.262,19.421,19.421,0.0,-0.005980785,-0.005980785,-0.03588471,-77.93489915090024,-78.37621392499997
2mer-0+726,0.01800441,2,0.01800441,-78.35820956,2.013948e-05,21.858,19.45,19.45,0.0,0.01800441,0.01800441,0.054013229999999995,-77.91689474090023,-78.35820951499997
2mer-0+520,0.11792176,2,0.11792176,-78.2402878,2.013151e-05,20.291,19.453,19.453,0.0,0.11792176,0.11792176,0.35376528,-77.79897298090023,-78.24028775499997
2mer-0+678,0.13591146,1,0.06795573,-78.17233207,2.009297e-05,22.927,19.465,19.465,0.0,0.06795573,0.06795573,0.40773438000000006,-77.73101725090024,-78.17233202499997
2mer-0+793,0.13879735,2,0.13879735,-78.03353472,2.006247e-05,22.789,19.475,19.475,0.0,0.13879735,0.13879735,0.41639205,-77.59221990090023,-78.03353467499997
2mer-0+829,-0.09274752,1,-0.04637376,-78.07990848,1.997979e-05,22.159,19.502,19.502,0.0,-0.04637376,-0.04637376,-0.27824256,-77.63859366090023,-78.07990843499996
2mer-0+794,0.06120005,1,0.03060002,-78.04930846,1.997672e-05,21.982,19.503,19.503,0.0,0.030600025,0.030600025,0.18360015,-77.60799363590023,-78.04930840999997
2mer-0+772,0.04570353,1,0.02285177,-78.02645669,1.994478e-05,22.103,19.513,19.513,0.0,0.022851765,0.022851765,0.13711059,-77.58514187090023,-78.02645664499997
2mer-0+879,0.07102256,1,0.03551128,-77.99094541,1.985178e-05,21.145,19.543,19.543,0.0,0.03551128,0.03551128,0.21306767999999998,-77.54963059090024,-77.99094536499997
2mer-0+560,-0.09547536,1,-0.04773768,-78.03868309,1.980916e-05,20.371,19.557,19.557,0.0,-0.04773768,-0.04773768,-0.28642607999999997,-77.59736827090023,-78.03868304499997
2mer-0+760,0.09726664,2,0.09726664,-77.94141645,1.977986e-05,21.842,19.567,19.567,0.0,0.09726664,0.09726664,0.29179992,-77.50010163090023,-77.94141640499997
2mer-0+709,-0.06648466,2,-0.06648466,-78.00790111,1.968491e-05,21.766,19.599,19.599,0.0,-0.06648466,-0.06648466,-0.19945398,-77.56658629090023,-78.00790106499997
2mer-0+722,-0.07459251,1,-0.03729625,-78.04519736,1.949001e-05,21.407,19.664,19.664,0.0,-0.037296255,-0.037296255,-0.22377753,-77.60388254590023,-78.04519731999997
2mer-0+554,0.07131848,2,0.07131848,-77.97387889,1.948817e-05,20.701,19.664,19.664,0.0,0.07131848,0.07131848,0.21395544,-77.53256406590023,-77.97387883999997
2mer-0+755,0.09965394,1,0.04982697,-77.92405192,1.946381e-05,22.667,19.672,19.672,0.0,0.04982697,0.04982697,0.29896182,-77.48273709590023,-77.92405186999997
2mer-0+638,-0.09319089,1,-0.04659544,-77.97064736,1.941969e-05,20.807,19.687,19.687,0.0,-0.046595445,-0.046595445,-0.27957266999999997,-77.52933254090023,-77.97064731499997
2mer-0+923,0.06204919,2,0.06204919,-77.90859817,1.936116e-05,22.237,19.707,19.707,0.0,0.06204919,0.06204919,0.18614756999999998,-77.46728335090023,-77.90859812499997
2mer-0+641,-0.09208457,2,-0.09208457,-78.00068273,1.934045e-05,21.061,19.714,19.714,0.0,-0.09208457,-0.09208457,-0.27625371,-77.55936792090023,-78.00068269499997
2mer-0+610,0.07243176,2,0.07243176,-77.92825097,1.928506e-05,21.782,19.733,19.733,0.0,0.07243176,0.07243176,0.21729527999999998,-77.48693616090023,-77.92825093499997
2mer-0+661,-0.0035288,2,-0.0035288,-77.93177978,1.927865e-05,22.131,19.735,19.735,0.0,-0.0035288,-0.0035288,-0.0105864,-77.49046496090023,-77.93177973499996
2mer-0+945,-0.10288709,1,-0.05144354,-77.98322332,1.926743e-05,21.322,19.739,19.739,0.0,-0.051443545,-0.051443545,-0.30866127,-77.54190850590022,-77.98322327999996
2mer-0+595,0.0921558,2,0.0921558,-77.89106752,1.921727e-05,22.015,19.756,19.756,0.0,0.0921558,0.0921558,0.2764674,-77.44975270590022,-77.89106747999996
2mer-0+954,0.07484572,2,0.07484572,-77.8162218,1.918703e-05,21.848,19.767,19.767,0.0,0.07484572,0.07484572,0.22453716,-77.37490698590022,-77.81622175999996
2mer-0+742,-0.08897501,1,-0.0444875,-77.8607093,1.918444e-05,22.021,19.767,19.767,0.0,-0.044487505,-0.044487505,-0.26692503,-77.41939449090023,-77.86070926499997
2mer-0+679,0.05691588,1,0.02845794,-77.83225136,1.910518e-05,21.339,19.795,19.795,0.0,0.02845794,0.02845794,0.17074764,-77.39093655090024,-77.83225132499997
2mer-0+799,-0.16964789,2,-0.16964789,-78.00189926,1.906966e-05,22.632,19.807,19.807,0.0,-0.16964789,-0.16964789,-0.50894367,-77.56058444090023,-78.00189921499997
2mer-0+602,-0.11677423,2,-0.11677423,-78.11867348,1.902827e-05,20.983,19.821,19.821,0.0,-0.11677423,-0.11677423,-0.35032269000000005,-77.67735867090023,-78.11867344499997
2mer-0+642,0.01361777,1,0.00680888,-78.1118646,1.900582e-05,21.919,19.829,19.829,0.0,0.006808885,0.006808885,0.04085331,-77.67054978590023,-78.11186455999997
2mer-0+863,0.14234129,1,0.07117065,-78.04069395,1.899571e-05,21.928,19.833,19.833,0.0,0.071170645,0.071170645,0.42702387,-77.59937914090024,-78.04069391499998
2mer-0+900,0.16656462,1,0.08328231,-77.95741164,1.894932e-05,22.047,19.849,19.849,0.0,0.08328231,0.08328231,0.49969386,-77.51609683090024,-77.95741160499998
2mer-0+710,0.07418759,1,0.0370938,-77.92031784,1.89427e-05,21.498,19.851,19.851,0.0,0.037093795,0.037093795,0.22256277,-77.47900303590023,-77.92031780999997
2mer-0+655,-0.0185747,2,-0.0185747,-77.93889254,1.889081e-05,21.711,19.869,19.869,0.0,-0.0185747,-0.0185747,-0.0557241,-77.49757773590024,-77.93889250999997
2mer-0+680,0.04313402,1,0.02156701,-77.91732553,1.889066e-05,21.346,19.869,19.869,0.0,0.02156701,0.02156701,0.12940206,-77.47601072590024,-77.91732549999998
2mer-0+931,0.11306976,2,0.11306976,-77.80425577,1.877448e-05,20.905,19.91,19.91,0.0,0.11306976,0.11306976,0.33920928,-77.36294096590024,-77.80425573999997
2mer-0+644,0.00032206,2,0.00032206,-77.80393371,1.868104e-05,21.569,19.943,19.943,0.0,0.00032206,0.00032206,0.00096618,-77.36261890590023,-77.80393367999997
2mer-0+747,-0.06998702,2,-0.06998702,-77.87392073,1.858599e-05,21.554,19.977,19.977,0.0,-0.06998702,-0.06998702,-0.20996105999999998,-77.43260592590023,-77.87392069999997
2mer-0+848,-0.16349696,2,-0.16349696,-78.0374177,1.85553e-05,22.765,19.988,19.988,0.0,-0.16349696,-0.16349696,-0.49049087999999996,-77.59610288590024,-78.03741765999997
